fundID,net
000AEFGLIUE,21.57
000AEFGLIU,24.01
000AMEFEUA,17.3
000AMEFEUAE,15.54
000AMEFEUAEH,21.06
000EPCEMDIE,61.03
000EPCEMDIEH,25.67
000EPCEMDIEP,11.52
000EPCEMDIUP,12.7
000EPCWDEIE,41.16
000EPCWDEIEH,30.42
000SBEMDI,27.48
000SBEMDIE,24.68
000EPCEUEI,52.99
000AMGEMAU,18.88
000AMGEMAUE,16.96
000AMGEMAUEH,19.88
000AMGEMAUEP,14.61
000EPCEUEIU,58.99
000EPCEUIE,35.88
000EPCGSBI,33.5
000EPCGSBIE,30.1
000EPCGSBIEH,24.85
000EPCGSBIEP,13.05
000AMEFIEH,21.52
000AMEGEMIEH,27.03
000AMEGLEE,28.55
000AMEGLEEE,25.64
000AMEGLEEEH,20.97
000AMEHIBA,30.1
000AMEHIBAE,27.04
000AMEHIBAEH,28.58
000AMEHIBAUP,13.48
000AMESTAU,16.11
000AMESTAUE,14.47
000AMESTAUEH,14.77
000AMESTAUEP,6.7
000AMESTAUUP,6.41
000AMEXIEH,16.32
000AMGEMAUUP,8.43
000AMUSIEH,34.31
000AMXEMDIEH,27.15
000EPCEMDI,67.94
000EPCEUIEU,39.94
000EPCLCEIEH,33.2
000EPCLCEI,51.53
000EPCLCEIE,46.29
000EPCLCIU,33.67
000EPCLCIUE,30.24
000EPCWDEI,45.82
000SBEMDIUP,12.29
000TDNESL1LN,2.9284
000TDNESL2LN,3.271
000TGEDINALN,2.6255
000TGEDRNALN,2.5026
000TGEDRNILN,1.6714
000TGEEINALN,2.3602
000TGEEINILN,1.5664
000TGEERNALN,2.2496
000TGEERNILN,1.5024
000THGEMIALN,1.8696
000THGEMIULN,1.4357
000THUHIEH,27.19
000TNESIIE,1.8888
000TNESINA,1.6468
000TNESRIE,1.2666
000TNESRNA,1.6307
000TPEEAUH,16.55
1001AY,47.52
1001CY,52
1004AY,95.96
1004BY,86.09
1004CY,104.9
1007AY,18.91
1007BY,16.54
1007CY,21.12
1009,37.55
101,21.41
1010,46.04
1012,36.8
10130428,154.72
1013A6,33.13
1013AF,20.21
1013AH,15.94
1013AS,21.46
1013BS,20.04
1013C6,34.46
1013CS,21.99
1013DK,9.46
1014,35.23
1016AY,36.32
1016BY,31.75
1016CY,40.25
1022,19.67
1022AQ,16.68
1022CQ,17.32
1025A6,12.35
1025AY,12.45
1025C6,12.99
1025CC,15.05
1028,14.7
1028AY,117.03
1028BY,102.38
1028CY,127.53
103,8.16
1031AY,115.86
1031BY,99.22
1031CY,130.48
1037AY,31.53
1037BY,27.16
1037CY,34.69
104,6.45
1040AY,6.41
1040CC,11.16
1040CY,6.72
1043AY,7.6
1043CY,7.98
1049,8.79
1049A3,186
1049A6,18.03
1049A7,18.2
1049AY,1.81
1049C3,203
1049C6,18.48
1049C7,18.67
1049CY,1.91
1050,8.66
1051,11.18
1052A6,33.99
1052AY,49.57
1052BY,43.09
1052C6,37.93
1052CY,54.29
1052DG,9.66
1052FG,9.82
10531003,87.55
10532247,99.75
10532248,140.36
10532262,128.69
106,74.65
1061AY,7.52
1061CY,7.89
1064A6,19.5
1064AF,11.61
1064AH,8.91
1064AS,11.98
1064BS,10.98
1064C6,20.57
1064CC,19.35
1064CS,12.46
1064DK,8.66
1067AY,14.58
1067BY,12.33
1067CY,16.34
107,18.78
108,47.27
1105,12.23
1116,8.58
1145,8.87
1146,7.11
1147,8.76
1155,16
1156,14.3
1171,10.54
1172,10.35
1174,11.17
1209LU0273496686,14.4391
1209LU0274935138,7.002
1211LU0459039664,6.0748
1211LU0490651758,9.7167
12192307,101.5
12192330,85.48
12920501,65.8
12957889,59.43
12957892,75.42
1301LU0137992961,3.5405
1307LU0144879052,8.9526
1307LU0401378400,9.5138
1310LU0180621863,11.2921
1310LU0206569211,9.9231
1313LU0562505734,13.6951
1313LU0562505817,9.5697
1316LU0428042740,12.1788
1316LU0432678927,10.7059
132,22.29
1320LU0562506468,9.6577
1320LU0562507193,8.5765
13326192,65.62
1404LU0010019817,5.4233
1433,8.79
1434,7.76
1435,9.85
1436,8.61
150,34.08
1501LU0047882062,3.1987
1504LU0083327972,4.3473
1507LU0160768213,12.4442
1528LU0300873642,9.7654
158,51.77
1659,9.35
1714,9.65
1716,9.06
1805,7.7
1910935,13.34
1910942,12.48
1930124,25.26
2000AA,23.16
2000AM,8.96
2000AQ,14.09
2000AX,8.77
2000CC,24.39
2000DK,8.02
2003AA,12.81
2003AS,12.44
2003CC,13.47
2006AA,13.61
2006AS,12.57
2006CC,14.47
2015AA,105.95
2015BB,90.2
2015CC,116.16
20240339,139.92
2030AA,87.07
2030CC,90.17
2033AA,17.3877
2033AM,12.7528
2033CC,17.993
2036A6,6.824
2036AA,12.781
2036AF,7.1568
2036C6,7.8536
2036CC,13.3855
2036DK,7.2749
2039AA,22.85
2039CC,24.26
2042AA,15.9377
2042CC,16.7471
2048A7,11.04
2048AA,16.41
2048AD,8.96
2048CA,9.33
2048CC,17.72
2057AA,322.28
2057CC,334.45
2060A6,9.38
2060AA,18.37
2060BB,15.68
2060C6,10.11
2060CC,19.81
2072AA,45.51
2072BB,38.17
2072CC,49.85
2072DG,10.87
2072FG,11.05
2075AA,8.19
2075BB,7.02
2075CC,8.87
2081AA,56.21
2081AB,8.98
2081AX,8.85
2081CC,64.05
2087AC,9.37
2087AY,45.26
2087CY,47.46
2096AQ,1.0625
2096CQ,11.4079
2099AY,53.4
2099CY,59.88
2102AA,3379
2102CC,3637
2105AA,1092
2105CC,1246
2111AA,36.75
2111BB,30.47
2111CC,39.89
2114A6,12.7074
2114AA,12.8928
2120A7,12.3
2120AA,1226
2120AD,16.91
2120BB,1036
2120CC,1346
2120CD,17.39
2123A7,11.06
2123AA,19.71
2123AD,21.69
2123BB,16.62
2123C7,11.18
2123CC,21.56
2126A7,8.9
2126AA,16.02
2126AD,16.12
2126AY,14.27
2126BB,13.34
2126CA,7.86
2126CC,17.56
2126CY,15.11
2138A6,12.14
2138AA,22.48
2138BB,19.75
2138C6,12.92
2138CC,23.87
2141AA,30.43
2141CC,34.88
21428286,93.08
21529267,106.72
21629311,94.59
22796865,108.23
22881168,91.63
22908917,109.17
23116938,981.2
239655,2401.09
239659,2741.78
2468721,80.95
255790,843.62
2908778,71.05
2909491,51.94
3228657,136.65
345234,2604.54
3528013,105.9
415,17.38
454,17.99
469164,141.54
4731657,6379037.94
4731689,3128100.57
4731720,5159675.79
4731723,1033.33
4732024,127.29
4732789,208.32
4734592,4933583.76
4734599,125.28
474019,2255.83
512615,1049.8
512723,458.93
512728,253.29
512729,251.13
564492,884.68
564500,385.12
594600,825.81
594601,1734.53
595225,836.16
595742,405.92
601323,2928.17
601325,3155.64
601326,3114.21
601328,3014.49
601333,1761.86
608429,311.65
618344,596.42
618667,2586.62
618671,2498.46
818577,134.16
828785,7152
849534,1689.88
855245,234.63
883660,183.49
92920,850.81
A103X,9.1636
A104X,7.1899
A105X,12.1665
A107X,7.8404
A108X,9.9084
A140X,11.1071
A144A,13.81
AAETA,23.4773
AAETY,146.1353
AAEYF,128.3649
AAPPF,128.8878
AASBG,11.0627
AASBJ,4.9216
AB01X,9.5387
AB02X,8.8082
AB06X,13.9194
AB2,12.526
ABAGPADAUDH,16.91
ABAGPADUSD,16.82
ABAGPADZARH,112.45
ABAGPAEUR,55.84
ABAGPAHEDGE,33.77
ABAGPAUSD,62.19
ABAGPBDAUDH,16.85
ABAGPBDUSD,16.89
ABAGPBDZARH,112.03
ABAGPBEUR,43.98
ABAGPBHEDGE,31.82
ABAGPBUSD,48.98
ABAGPCEUR,49.06
ABAGPCHEDGE,33.07
ABAGPCUSD,54.64
ABAGPIEUR,65.2
ABAGPIHEDGE,35.56
ABAGPIUSD,72.61
ABAGPS1EUR,68.36
ABAGPS1USD,76.13
ABAGPSDUSD,117.75
ABAIPA2EUR,23.9
ABAIPA2USD,26.62
ABAIPAAAUDH,14.06
ABAIPAADURH,13.51
ABAIPAAGBPH,13.8
ABAIPAAUSD,14.13
ABAIPAAZARH,93.26
ABAIPAEUR,7.66
ABAIPATAUDH,14.65
ABAIPATCADH,14.36
ABAIPATEUR,7.65
ABAIPATHEDGE,14.39
ABAIPATNZDH,13.85
ABAIPATUSD,8.52
ABAIPAUSD,8.53
ABAIPB2EUR,19.68
ABAIPB2USD,21.92
ABAIPBAAUDH,13.77
ABAIPBAUSD,13.86
ABAIPBAZARH,92.02
ABAIPBEUR,7.66
ABAIPBTAUDH,14.69
ABAIPBTEUR,7.7
ABAIPBTUSD,8.58
ABAIPBUSD,8.53
ABAIPC2EUR,29.74
ABAIPC2USD,33.12
ABAIPCEUR,7.66
ABAIPCUSD,8.53
ABAIPI2EUR,13.87
ABAIPI2USD,15.45
ABAIPIAAUDH,15.67
ABAIPIAUSD,15.67
ABAIPIEUR,7.66
ABAIPITEUR,12.51
ABAIPITEURH,15.69
ABAIPSEUR,17.18
ABAXJIDUSD,12.95
ABAXJS1EUR,15.92
ABAXJS1USD,17.73
ABAXJSDUSD,89.47
ABB,11.605
ABCOPADAUDH,13.33
ABCOPADHEDGE,13.71
ABCOPADNZDH,13.5
ABCOPADUSD,13.76
ABCOPADZARH,86.76
ABCOPBDAUDH,13.3
ABCOPBDHEDGE,13.66
ABCOPBDNZDH,13.47
ABCOPBDUSD,13.76
ABCOPBDZARH,87.22
ABCOPSUSD,51.7
ABCUSEAUSD,16.51
ABCUSEIUSD,16.86
ABCUSES1USD,16.95
ABDMMAADAUDH,13.57
ABDMMAADHEDGE,13.6
ABDMMAADUSD,13.66
ABDMMAADZARH,89.7
ABDMMAAUSD,15.23
ABDMMABUSD,14.97
ABDMMAIUSD,15.43
ABDMMAS1USD,14.91
ABEGPAEUR,10.09
ABEGPAUSD,11.24
ABEGPBEUR,8.5
ABEGPBUSD,9.47
ABEGPCEUR,7.42
ABEGPCUSD,8.26
ABEGPIEUR,11.59
ABEGPIUSD,12.91
ABEIOPA2EUR,19.2
ABEIOPA2USD,21.38
ABEIOPAAAUDH,14.2
ABEIOPAAEUR,14.24
ABEIOPAAUSDH,14.19
ABEIOPAEUR,7.19
ABEIOPATAUDH,15.61
ABEIOPATEUR,7.19
ABEIOPATUSD,8.01
ABEIOPATUSDH,15.53
ABEIOPAUSD,8.01
ABEIOPB2EUR,17.06
ABEIOPB2USD,19
ABEIOPBAAUDH,13.96
ABEIOPBAEUR,13.99
ABEIOPBAUSDH,13.95
ABEIOPBEUR,7.19
ABEIOPBTEUR,7.19
ABEIOPBTUSD,8.01
ABEIOPBUSD,8.01
ABEIOPC2EUR,18.58
ABEIOPC2USD,20.69
ABEIOPCEUR,7.19
ABEIOPCUSD,8.01
ABEIOPI2EUR,12.51
ABEIOPI2USD,13.93
ABEIOPI2USDH,21.4
ABEIOPIAEUR,15.15
ABEIOPIAUSDH,15.17
ABEIOPIEUR,7.19
ABEIOPITEUR,15.21
ABEIOPITUSDH,14.75
ABEIOPIUSD,8.01
ABEIOPS1EUR,20.23
ABEIOPS1USD,22.53
ABEIOPS1USDH,19.79
ABEIOPSAUSDH,98.41
ABEMDA2EUR,26.28
ABEMDA2HEDGE,20.3
ABEMDA2USD,29.27
ABEMDAAAUDH,14.05
ABEMDAAUSD,14.2
ABEMDAAZARH,93.91
ABEMDAEUR,14.09
ABEMDATAUDH,14.62
ABEMDATCADH,13.11
ABEMDATEUR,14.15
ABEMDATHEDGE,14.78
ABEMDATNZDH,12.98
ABEMDATUSD,15.76
ABEMDAUSD,15.69
ABEMDB2EUR,23.72
ABEMDB2HEDGE,19.16
ABEMDB2USD,26.41
ABEMDBAAUDH,13.69
ABEMDBAUSD,13.84
ABEMDBAZARH,91.31
ABEMDBEUR,14.09
ABEMDBTAUDH,14.6
ABEMDBTEUR,14.12
ABEMDBTHEDGE,14.81
ABEMDBTUSD,15.73
ABEMDBUSD,15.69
ABEMDCEUR,14.09
ABEMDCUSD,15.69
ABEMDIEUR,14.09
ABEMDITUSD,13.31
ABEMDIUSD,15.69
ABEMDS12USD,28.47
ABEMDSAUSD,97.14
ABEMGAAUDH,16.65
ABEMGAEUR,31.29
ABEMGAUSD,34.85
ABEMGBEUR,24.86
ABEMGBUSD,27.68
ABEMGCAUDH,16.05
ABEMGCEUR,26.35
ABEMGCUSD,29.34
ABEMGIAUDH,17.28
ABEMGIEUR,36.53
ABEMGIUSD,40.68
ABEMGS1EUR,37.61
ABEMGS1USD,41.88
ABEMMAACADH,15.68
ABEMMAADAUDH,11.7
ABEMMAADCADH,11.81
ABEMMAADHEDGE,12.12
ABEMMAADUSD,12.13
ABEMMAADZARH,91.35
ABEMMAAHEDGE,13.2
ABEMMAAUDH,16.44
ABEMMAAUSD,13.59
ABEMMABDUSD,12.21
ABEMMABUSD,12.92
ABEMMAIDUSD,11.02
ABEMMAIUSD,14.18
ABEMMAS1USD,14.32
ABEMVAEUR,34.28
ABEMVAUSD,38.17
ABEMVIEUR,36.15
ABEMVIUSD,40.26
ABEMVS1EUR,36.59
ABEMVS1USD,40.75
ABEMVSUSD,45.23
ABESVAEUR,19.63
ABESVAUSD,21.86
ABESVBEUR,18.5
ABESVBUSD,20.6
ABESVCEUR,19.12
ABESVCUSD,21.29
ABESVS1USD,23.3
ABESVS1USDH,16.21
ABEVPADAUDH,14.81
ABEVPADHEDGE,14.55
ABEVPADUSDH,14.37
ABEVPAEUR,13.31
ABEVPAUSD,14.82
ABEVPBDAUDH,14.74
ABEVPBDHEDGE,15.02
ABEVPBDUSDH,14.86
ABEVPBEUR,11.48
ABEVPBUSD,12.78
ABEVPCEUR,12.5
ABEVPCUSD,13.92
ABEVPIEUR,16.19
ABEVPIUSD,18.03
ABEVPS1EUR,17.01
ABEVPS1USD,18.94
ABEVPSDEUR,99.29
ABGBPA2EUR,16.02
ABGBPA2HEDGE,15.53
ABGBPA2USD,17.84
ABGBPAAAUDH,13.56
ABGBPAAUSD,13.58
ABGBPAEUR,7.45
ABGBPATAUDH,13.1
ABGBPATCADH,13.2
ABGBPATEUR,7.44
ABGBPATHEDGE,12.88
ABGBPATNZDH,13.45
ABGBPATUSD,8.29
ABGBPAUSD,8.3
ABGBPB2EUR,13.15
ABGBPB2USD,14.64
ABGBPBAAUDH,13.22
ABGBPBAUSD,13.24
ABGBPBEUR,7.45
ABGBPBTEUR,7.48
ABGBPBTHEDGE,12.96
ABGBPBTUSD,8.33
ABGBPBUSD,8.3
ABGBPC2EUR,13.5
ABGBPC2HEDGE,15.07
ABGBPC2USD,15.03
ABGBPCEUR,7.45
ABGBPCUSD,8.3
ABGBPI2EUR,11.23
ABGBPI2HEDGE,16.02
ABGBPI2USD,12.51
ABGBPIEUR,7.45
ABGBPITUSD,13.63
ABGBPIUSD,8.3
ABGBPS12USD,15.61
ABGBPSAUSD,94.34
ABGCHAEUR,34.38
ABGCHAUSD,38.29
ABGCHBEUR,28.5
ABGCHBUSD,31.74
ABGCHCEUR,32.96
ABGCHCUSD,36.7
ABGCHIEUR,39.79
ABGCHIUSD,44.31
ABGCHS1EUR,43.32
ABGCHS1USD,48.24
ABGCPA2EUR,17.59
ABGCPA2USD,19.59
ABGCPAEUR,13.85
ABGCPAUSD,15.42
ABGCPB2EUR,15.67
ABGCPB2USD,17.45
ABGCPBEUR,13.76
ABGCPBUSD,15.32
ABGCPC2EUR,16.72
ABGCPC2USD,18.62
ABGCPCEUR,13.86
ABGCPCUSD,15.43
ABGCPIEUR,14.03
ABGCPIUSD,15.62
ABGEBAEUR,13.06
ABGEBAUSD,14.54
ABGEBBEUR,11.48
ABGEBBUSD,12.79
ABGEBCEUR,12.45
ABGEBCUSD,13.87
ABGEBIEUR,14.51
ABGEBIUSD,16.16
ABGEBS1EUR,15.39
ABGEBS1USD,17.14
ABGEBSUSD,18.44
ABGGTAEUR,47.67
ABGGTAUSD,53.09
ABGGTBEUR,37.29
ABGGTCEUR,44.43
ABGGTCUSD,49.48
ABGGTIEUR,55.76
ABGGTIUSD,62.1
ABGGTS1EUR,59.72
ABGGTS1USD,66.51
ABGGTSDUSD,93.44
ABGHYA2EUR,12.26
ABGHYA2HEDGE,22.02
ABGHYA2USD,13.65
ABGHYAAAUDH,12.58
ABGHYAAGBPH,12.53
ABGHYAAUSD,12.71
ABGHYAAZARH,84.32
ABGHYAEUR,3.76
ABGHYATAUDH,14.65
ABGHYATCADH,13.13
ABGHYATEUR,3.74
ABGHYATHEDGE,14.54
ABGHYATNZDH,13.42
ABGHYATUSD,4.16
ABGHYAUSD,4.19
ABGHYB2EUR,18.46
ABGHYB2HEDGE,20.59
ABGHYB2USD,20.56
ABGHYBAAUDH,12.23
ABGHYBAUSD,12.36
ABGHYBAZARH,81.69
ABGHYBEUR,3.76
ABGHYBTAUDH,14.62
ABGHYBTEUR,3.8
ABGHYBTHEDGE,14.57
ABGHYBTUSD,4.23
ABGHYBUSD,4.19
ABGHYC2EUR,17.64
ABGHYC2HEDGE,17.8
ABGHYC2USD,19.65
ABGHYCEUR,3.76
ABGHYCUSD,4.19
ABGHYI2EUR,7.61
ABGHYI2HEDGE,22.72
ABGHYI2USD,8.48
ABGHYIAAUDH,15.56
ABGHYIEUR,3.76
ABGHYITNZDH,15.69
ABGHYITUSD,13.09
ABGHYIUSD,4.19
ABGHYS1DEUR,15.47
ABGHYS1DUSD,17.23
ABGHYS1EUR,20.2
ABGHYS1USD,22.5
ABGHYSAUSD,88.47
ABGTRAAUDH,22.99
ABGTRAEUR,16.32
ABGTRAUSD,18.17
ABGTRBAUDH,21.65
ABGTRBEUR,13.37
ABGTRBUSD,14.89
ABGTRCEUR,16.32
ABGTRCUSD,18.18
ABGTRIEUR,19.16
ABGTRIUSD,21.34
ABGTRS1EUR,18.44
ABGTRS1USD,20.54
ABGTRSUSD,21.52
ABGVPADAUDH,13.03
ABGVPADHEDGE,13.27
ABGVPADUSD,13.02
ABGVPADZARH,85.78
ABGVPAEUR,12.39
ABGVPAUSD,13.8
ABGVPBDAUDH,13.03
ABGVPBDHEDGE,13.25
ABGVPBDUSD,13.22
ABGVPBDZARH,85.95
ABGVPBEUR,10.67
ABGVPBUSD,11.88
ABGVPCEUR,11.7
ABGVPCUSD,13.03
ABGVPIEUR,13.89
ABGVPIUSD,15.47
ABGVPS1EUR,14.43
ABGVPS1USD,16.07
ABGVPSDUSD,88.13
ABIGFAEUR,132.74
ABIGFAUSD,147.82
ABIGFBEUR,130.29
ABIGFBUSD,145.1
ABIGFCEUR,118.41
ABIGFCUSD,131.87
ABIGFIEUR,126.68
ABIGFIUSD,141.07
ABIGFS1EUR,13.22
ABIGFS1USD,14.72
ABIGFSUSD,13.43
ABIHCAEUR,232.02
ABIHCAUSD,258.39
ABIHCBEUR,183.4
ABIHCBUSD,204.24
ABIHCCEUR,215.94
ABIHCCUSD,240.48
ABIHCIEUR,267.04
ABIHCIUSD,297.38
ABIHCS1EUR,88.59
ABIHCS1USD,98.66
ABILFAEUR,117.9
ABILFAUSD,131.3
ABILFBEUR,94.44
ABILFBUSD,105.17
ABITFAEUR,169.63
ABITFAUSD,188.91
ABITFBEUR,137.73
ABITFBUSD,153.38
ABITFCEUR,159.2
ABITFCUSD,177.29
ABITFIEUR,200.35
ABITFIUSD,223.12
ABITFS1EUR,93.58
ABITFS1USD,104.21
ABJSVADAUDH,13.35
ABJSVADJPY,9331
ABJSVADNZDH,13.52
ABJSVADUSDH,12.61
ABJSVADZARH,90.41
ABJSVAEUR,70.34
ABJSVAHEDGE,19.69
ABJSVAJPY,8033
ABJSVAUSD,78.33
ABJSVAUSDH,21.6
ABJSVBDAUDH,13.28
ABJSVBDJPY,9311
ABJSVBDUSDH,12.56
ABJSVBDZARH,90.6
ABJSVBEUR,63.74
ABJSVBJPY,7279
ABJSVBUSD,70.98
ABJSVCEUR,67.15
ABJSVCJPY,7669
ABJSVCUSD,74.79
ABJSVIEUR,76.08
ABJSVIJPY,8688
ABJSVIUSD,84.72
ABJSVIUSDH,22.42
ABJSVS1EUR,78.78
ABJSVS1JPY,8997
ABJSVS1USD,87.74
ABJSVS1USDH,15.77
ABJSVSDJPY,9796
ABLVEADAUDH,16.88
ABLVEADUSD,17.01
ABLVEAUSD,21.95
ABLVES1USD,22.93
ABLVESUSD,23.35
ABMOPA2USD,15.61
ABMOPAAAUDH,13.35
ABMOPAAUSD,13.39
ABMOPAAZARH,89.57
ABMOPAUSD,13.88
ABMOPBAAUDH,12.99
ABMOPBAUSD,13.03
ABMOPBAZARH,87.3
ABMOPBUSD,13.9
ABMOPI2USD,15.81
ABMOPS1USD,14.53
ABMOPSAUSD,91.51
ABRIF,155.4179
ABRIG,139.172
ABSMDA2EUR,9.99
ABSMDA2USD,11.12
ABSMDAEUR,6.04
ABSMDATEUR,6.04
ABSMDATUSD,6.73
ABSMDAUSD,6.73
ABSMDB2EUR,9.66
ABSMDB2USD,10.76
ABSMDBEUR,6.04
ABSMDBUSD,6.73
ABSMDC2EUR,13.65
ABSMDC2USD,15.2
ABSMDCEUR,6.04
ABSMDCUSD,6.73
ABSMDI2EUR,8.69
ABSMDI2USD,9.68
ABSMDIEUR,6.04
ABSMDIUSD,6.73
ABSMDS1EUR,6.04
ABSMDS1USD,6.73
ABSUEAEUR,22.57
ABSUEAUSD,25.14
ABSUEIEUR,23.43
ABSUEIUSD,26.09
ABSUES1USD,26.62
ABSUESUSD,27.59
ABUSREADAUDH,14.8
ABUSREADNZDH,14.86
ABUSREADUSD,14.98
ABUSREAEUR,20.82
ABUSREAUSD,23.19
ABUSREBDAUDH,14.84
ABUSREBDUSD,14.96
ABUSREBEUR,17.82
ABUSREBUSD,19.85
ABUSREIEUR,23.57
ABUSREIUSD,26.25
ABUSRES1EUR,18.15
ABUSRES1USD,20.21
ABUSTRACADH,26.56
ABUSTRAEUR,14.12
ABUSTRAUSD,15.72
ABUSTRIEUR,15.99
ABUSTRIUSD,17.81
ABUSTRS1EUR,16.64
ABUSTRS1USD,18.53
ABUSTRSUSD,23.11
ABWFA,18.981
ABWFAC,12.3159
ABWFY,299.726
ABZ,9.915
AE5,7.147
AE6,7.019
AE7,7.038
AE8,7.072
AEAMSC,22.9748
AEASE,63.6119
AEASEI,69.1166
AEASMALL,39.0015
AEASMALLI,42.1886
AEASPROP,16.7118
AEAUE,34.3364
AECHINESE,20.4432
AECHINESI,22.1719
AEEASEUE,89.8447
AEEEA,7.2395
AEEEY,285.5184
AEEHYB,6.0397
AEEHYBA1H,9.976
AEEHYBA2,20.8093
AEEHYBA2H,15.422
AEEHYBI1H,9.7471
AEEHYBI2,15.233
AEEMARSM,17.2656
AEEMARSMG,9.0412
AEEMINFRA,7.29
AEEMLCB,6.7203
AEEMLCBA2,9.1531
AEEUE,43.7422
AEEUEINC,187.3479
AEEUEINCH,185.3747
AEFM,59.2875
AEFMG,8.8196
AEG,8.365
AEH,8.32
AEINDIA,131.2703
AEINDIAI,142.3682
AEJEP,405.4839
AEJEPH,11.1678
AEJEPI,89515.8054
AEJEPIH,12.0435
AEJEPSM,1153.8952
AEJEPSMH,13.8135
AEJEPSMI,1116.2498
AEJEPSMIH,7.9349
AEK,8.362
AEL,8.338
AELATAM,3073.4532
AEMAF,26.135
AEMAG,22.8546
AEMBA,17.3199
AEMBA6HD,9.5704
AEMBAD,9.4678
AEMBY,230.6167
AEMKF,11.5496
AEMKG,9.5454
AEMLA,12.5592
AEMLA6HD,7.9727
AEMLA9HD,112.3647
AEMLAD,7.7368
AEMLY,118.4597
AERESPW,10.029
AESCA1,25.3541
AESCY,877.2316
AESCY1,783.6666
AESHCYB,10.038
AESHCYBA2,12.6062
AESHYB,17.5686
AESHYBA2,41.0408
AESHYBI,17.7698
AESHYBI2,17.1612
AETEC,4.5181
AEUFA,18.4437
AEUFY,270.1255
AEUK,21.1819
AEWE,16.571
AEWRES,10.0772
AF10X,13.2434
AF15X,12.8703
AF21X,9.3522
AF22X,13.1958
AF24X,17.5374
AF25X,12.3015
AF26X,12.0705
AF27X,10.7408
AF38X,12.6283
AF39X,10.5702
AF46X,19.73
AF48X,10.818
AF96X,8.0077
AGAVF,160.4586
AGAVG,141.3322
AGBDA,21.563
AGBDY,282.7355
AGCCF,14.1668
AGEAF,147.6837
AGEAG,132.7222
AGEMA,14.5682
AGEMF,14.5873
AGEMG,13.2144
AGEMY,310.4545
AGENF,15.4928
AGENG,13.6754
AGEQA,20.3052
AGEQY,153.7808
AGEYF,139.117
AGEYG,123.6218
AGIF-FL3,183.45
AGIF-FLI,2031.84
AGIF-FLU,12.01
AGIF-FQ3,237.76
AGIF-FQ5,940.8
AGIF-FQGM,8.72
AGIF-FQI,2534.9
AGIF-FQM,10.34
AGIF-FQR,10.43
AGIF-FR1,5.33
AGIF-FR3,82.81
AGIF-FRGM,10.3
AGIF-FS2,23.1
AGIF-FS4,21.27
AGIF-FV1,13.65
AGIF-FV5,1137.61
AGIF-FVM,8.83
AGIF-FVN,8.59
AGIF-FVP,8.92
AGIF-FVR,8.5
AGIF-FVZ,130.76
AGIF-FWI,2308.85
AGIF-FX1,11.08
AGIF-FX5,1114.05
AGIF-FXGM,10.09
AGIF-FXM,8.83
AGIF-FXP,8.84
AGIF-HTG,16.29
AGIF-JAP,18.43
AGIF-JPI,20.81
AGIF-JPU,9.68
AGIF-NB3,151.92
AGIF-NB6,1145.95
AGIF-NBI,975.04
AGIF-NE3,133.17
AGIF-NE5,917.9
AGIF-NEI,1370.64
AGIF-NEU,9.37
AGIF-OIC,9.73
AGIF-OID,97.24
AGIF-OIN,96.4
AGIF-OIR,93.07
AGIF-TIG,79.94
AGIF-TR5,871.26
AGIF-TRA,23.29
AGIF-TRGM,9.39
AGIF-TRM,9.39
AGIF-TRP,9.24
AGIF-TSI,5.35
AGIF-TSK,9.3
AGQGF,174.465
AGQGG,158.6254
AGSCG,150.4998
AIA,10.937
AIEQA,46.9033
AIEQY,409.1213
AJNHA,12.1707
AJNHA3,794.9934
AJNHY,119.303
AJSCA3,4951.1758
AJSCG,0.8354
AJSCY,68.6189
AJSCY3,5656.052
AJSPA,14.7949
AJSPY,128.7368
AJSPY3,1806.2237
AL7,9.994
ALAFA,11.1419
ALAFY,440.3926
ALAMF,30.3141
ALAMG,25.568
ALB,10.191
ALC,10.882
ALCRA,18.5815
ALCRY,195.7809
ALSPA,9.4243
ALSPY,81.4448
ALZ,8.985
AMIDF,13.7251
AMIDG,12.4347
AND,9.698
APEQF,14.3898
ASBMA,17.8981
ASBMAD,10.8933
ASBMYD,89.9819
ASC,12.179
AUMCF,246.8214
AUMCG,218.1228
AUSEF,121.1974
AVA,11.046
AXARGEB,15.49
AXARGSCB,31.02
AXARJPEB,858.32
AXARJPSCB,1941.96
AXARPEEB,10.94
AXARPESCB,20.91
AXARUSEB,18.1
AXAWAAC,198.16
AXAWAACAH,131.95
AXAWAACDQ,118.57
AXAWFEM,81.48
AXAWFESC,136.71
AXAWOIAC,171.55
AXAWUHYB,148.2
AXAWUHYBAH,179.95
AXAWUHYBT,89.15
AZMAEDA,4.574
AZMAEDATE,0
AZMAEDATUH,0
AZMAEDATUN,0
AZMAEDB,0
AZMAEDBTE,0
AZMAEDBTUH,0
AZMAEDBTUN,0
AZMAITA,4.01
AZMAITATE,0
AZMAITATUH,0
AZMAITATUN,0
AZMAITB,0
AZMAITBTE,0
AZMAITBTUH,0
AZMAITBTUN,0
BAEAA,2.114
BAGF,67.33
BAGFGBP,50.67
BAGFU,60.52
BARUSS_CAPT,45.21
BASAA,1.765
BATB,28.84
BATBDIV,27.6
BAUAA,2.358
BEECF,281.7143
BEEF,65.5
BEEF-CI,71.48
BEEFGBP,49.3
BEEFGBP-CI,52.18
BEEFU,58.88
BEMEG,22.651
BESCG,35.2331
BGRF,16.7
BGRFU,15.01
BHBF,26.49
BHBFU,23.82
BJSCG,0.9275
BLKAPAAH,12.17
BLKAPAGT,13.35
BLKAPAZH,86.7
BLKAPEAU,12.52
BLKAPUAT,14.64
BLKASLAE,10.41
BLKBGGAT,14.72
BLKBIAUT,14.03
BLKBVAMA,64.95
BLKBVPFA,72.03
BLKBVPMA,72.39
BLKBVSMA,54.32
BLKCAAAH,9.34
BLKCAPEA,73.27
BLKCAPMA,81.67
BLKCCAAH,11.81
BLKCCAET,12.88
BLKCCAHT,14.21
BLKCCAUT,13.98
BLKCHIAA,5.56
BLKCHIMA,28.21
BLKCIVAA,17.3
BLKCIVMA,31.66
BLKDRAAH,10.9
BLKDRPMA,31.82
BLKDRTMA,23.88
BLKDRUMA,28.55
BLKEBAAH,9.26
BLKEBAAU,16.65
BLKEBBMA,58.89
BLKEBDAU,10.15
BLKEBEAA,14.94
BLKEBHAU,12.15
BLKEBMAE,9.1
BLKEEBMA,49.25
BLKEFAAH,10.29
BLKEFANH,10.55
BLKEFAUT,14.35
BLKEMAZH,100.33
BLKEMBAU,9.36
BLKEUAHH,14.28
BLKEUMAU,11.36
BLKEVAAH,10.62
BLKEVAHH,101.87
BLKEVAUH,10.22
BLKEVEFA,47.55
BLKEVPMA,65.63
BLKFMKAA,21.69
BLKGAAHH,12.06
BLKGCAAH,11.23
BLKGCBAU,13.11
BLKGCHAE,12.75
BLKGCOAU,11.1
BLKGDAAU,15.6
BLKGDEAE,14
BLKGEAAH,8.88
BLKGEANH,8.89
BLKGEAUT,14.78
BLKGEAZH,102.27
BLKGEEAU,8.96
BLKGEIAA,10.31
BLKGEIAU,12.78
BLKGGAHE,19.56
BLKGGHCE,21.49
BLKGGHEA,26.82
BLKGHAHU,6.94
BLKGIAHT,13.59
BLKGIUAT,13.62
BLKGLIET,13.35
BLKGLMLA,49.14
BLKGLMMA,44.09
BLKGRAAH,12.05
BLKGRAUH,12.73
BLKGREMA,35.09
BLKGREUC,29.96
BLKGREXA,39.11
BLKGROEA,12.79
BLKGROWM,14.25
BLKGYAAH,6.86
BLKGYAZH,88.62
BLKHYAAH,9.49
BLKHYAAT,10.84
BLKHYAZH,88.83
BLKHYHAT,14.18
BLKJBEAA,19.54
BLKJBXAA,21.78
BLKJHXAA,7.55
BLKJHYAA,5.27
BLKJSCOA,10.15
BLKJUBAA,20.87
BLKJUBCC,20.68
BLKJWBAA,56.73
BLKLAAAH,8.42
BLKLAADE,52.37
BLKLAAHH,7.47
BLKLAAUD,58.36
BLKLADMA,48.72
BLKLAPMA,54.3
BLKLESEA,20.79
BLKLESEF,3.96
BLKLESUA,23.18
BLKLESUF,4.42
BLKMAHAT,31.98
BLKMBEAA,28.77
BLKMBVPC,55.43
BLKMBXAA,32.07
BLKMCEGA,19.78
BLKMCEUT,22.04
BLKMDHAA,35.54
BLKMEAUT,11.13
BLKMEFMA,14.98
BLKMEIAU,10.21
BLKMEMAA,25.73
BLKMEMCC,20.87
BLKMERAA,78.57
BLKMERCC,62.93
BLKMEUAA,112.98
BLKMEWAA,15.39
BLKMEXAA,87.57
BLKMEYAA,36.56
BLKMEYAS,11.75
BLKMGBAA,13.43
BLKMGEHA,7.89
BLKMGLCC,39.29
BLKMGMAA,37.71
BLKMGMCC,30.42
BLKMHWAA,30.74
BLKMHXAA,21.34
BLKMHYAA,15.06
BLKMIAEA,25.9
BLKMIAUA,28.87
BLKMJOAA,52.8
BLKMJVAE,9.58
BLKMJVAH,10.46
BLKMJVAU,10.68
BLKMLAOA,5417
BLKMLAPC,43.13
BLKMLJVA,1096
BLKMMEAA,23.08
BLKMMGAA,33.84
BLKMMKAA,24.33
BLKMMWAA,26.6
BLKMMXAA,27.12
BLKMNAAH,10.89
BLKMNEAA,6.85
BLKMNECC,6.37
BLKMNOAA,183.07
BLKMNXAA,7.63
BLKMOJAA,47.37
BLKMONAA,164.25
BLKMUEAA,101.37
BLKMUFMA,16.7
BLKMUPAA,84.41
BLKMUXAA,112.49
BLKMWBAA,74.81
BLKMWEAA,17.16
BLKMWECC,14.18
BLKMWHAA,34.26
BLKMWMAA,29.64
BLKMWMCC,23.99
BLKMYEAA,40.75
BLKMZUAA,150.9
BLKPEAMA,23.24
BLKPEBMA,27.79
BLKPEPMA,30.97
BLKTBAAH,11.78
BLKTEAMA,15.76
BLKTEPMA,17.56
BLKTIAZH,106.13
BLKTIBAU,11.82
BLKTIBMA,12.69
BLKTIGMA,38.41
BLKTSTMA,13.18
BLKUHYAU,5.08
BLKUSFAA,9.83
BLKUSFMA,18.93
BLKUSFTA,24.7
BLKUSFUA,22.16
BLKWAEHT,10.71
BLKWAFAT,11.38
BLKWBAET,193.68
BLKWEAAH,7.1
BLKWEAHH,8.28
BLKWGAHH,7.55
BLKWHAAH,11.98
BLKWHAAI,121.38
BLKWMAAH,6.38
BLKWMAHH,5.35
CIEGBEUR,24.37
CIEGBHUSD,27.64
CIEGBUSD,27.17
CIEGTEUR,24.21
CIEGTUSD,27
CIEGXEUR,26.11
CIEGXUSD,29.12
CIEMDBEUR,12.19
CIEMDBUSD,13.57
CIEMDTEUR,12.02
CIEMDTFDEUR,9.01
CIEMDTFDUSD,10.03
CIEMDTUSD,13.38
CIETOPBEUR,9.85
CIETOPBUSD,10.96
CIETOPTDEUR,8.77
CIETOPTDUSD,9.76
CIETOPTEUR,9.69
CIETOPTUSD,10.79
CIETOPXEUR,10.2
CIETOPXUSD,11.36
CIFEBF,16.78
CIFEBFT,16.58
CIFEBFTUSD,18.5
CIFEBFUSD,18.71
CIFGBF,17.94
CIFGBFT,17.73
CIFGBFTUSD,19.78
CIFGBFUSD,20.01
CIFGEF,19.23
CIFGEFT,18.87
CIFGEFTUSD,21.05
CIFGEFUSD,21.45
CIFGEFXEUR,20.82
CIFGEFXUSD,23.22
CIFGHIO,30.68
CIFGHIOT,30.1
CIFGHIOTD,14.65
CIFGHIOTDUSD,16.34
CIFGHIOTUSD,33.57
CIFGHIOUSD,34.22
CIFGHIOXEUR,32.98
CIFGHIOXUSD,36.78
CIFICABEUR,9.11
CIFICABUSD,10.16
CIFICATEUR,9.11
CIFICATUSD,10.16
D140X,9.4668
DF38X,10.1904
DF39X,8.7874
DF96X,6.6708
DIT-ENC,96.45
DIT-ENE,57.61
DIT-ENG,44.52
DIT-ENH,48.4
DIT-ENI,102.21
DIT-ENN,229.52
DIT-ENO,135.37
DIT-ENR,49.13
DIT-ENV,106.2
DUA,7.982
DUN,8.178
DUU,8.034
DUZ,8.089
EBAUA,42.08
EBETI,35.94
EDR01,108.48
EDR02,77.28
EDR03,264.89
EDR04,374.55
EDR05,139.11
EDR06,558.17
EDR09,121.38
EDR13,123.99
EDR16,105.03
EDR17,114.81
EDR18,92.3
EDR20,149.45
EDR21,184.85
EDR22,108.45
EDR23,177.73
EDR24,89.51
EDR25,94.92
EGERM,7.385
EMA758,15.22
EMA761,18.12
EMA763,17.44
EMA768,15.77
EMA769,15.53
EMACC,10.9
EMACCU,9.43
EMC648,27.84
EMC649,18.89
EMC651,23.83
EMC652,26.01
EMC653,24.74
EMC654,24.53
EMC659,18.65
EMC749,18.31
EMC779,184.2
EMCDC,18.92
EMCDF,19.29
EME513,15.86
EME514,17.03
EME519,23.25
EMECACC,15.39
EMINC,8.11
EMINC-CI,8.27
EMINCGH,7.54
EMINCU,9.56
EMINCU-CI,15.77
ESU,9.7319
FSIF100I,10.25
FSIFAG4,11.83
FSIFAQB1,16.07
FSIFAQBM1,10.46
FSIFCF4,8.11
FSIFGB1,16.54
FSIFGCG4,11.1
FSIFGEML4,11.35
FSIFGLI1D,11.82
FSIFGR4,4.63
FSIFHQG1,14.36
FSIFIS1,81.17
FSIFSMG1,51.38
GAB471,21.36
GAB489,21.89
GABC,56.75
GAE576,21.95
GAEC,39.57
GAEFACC,30.84
GAHUA,8.066
GB0002440245GBP,1.9648
GB0002440245USD,2.6067
GB0002691805GBP,0.5744
GB0002691805USD,0.762
GB0004790191GBP,4.7144
GB0004790191USD,6.2545
GB0004791389GBP,5.0169
GB0004791389USD,6.6559
GB0004911540GBP,3.3691
GB0004911540USD,4.4697
GB0005812150GBP,3.1504
GB0005812150USD,4.1796
GB0031294290GBP,0.5904
GB0031294290USD,0.7832
GB0031862534GBP,1.566
GB0031862534USD,2.0776
GB00B1DTDX49GBP,0.9902
GB00B1DTDX49USD,1.3136
GB00B4KLC262USD,4.5568
GBG479,186.71
GBG485,18.65
GBG568,24.12
GBGC,46.64
GBGFACC,24.85
GBO447,27.31
GBO563,25.75
GBOC,23.57
GDH454,14.61
GDH565,24.76
GDH666,19.94
GDH667,202.08
GDHC,27.25
GDHCEH,22.28
GDHFACC,23.75
GDR544,8.07
GDR743,18.72
GDRC,6.93
GDRFACC,7.26
GDY501,20.52
GDY573,22.35
GDY832,29.79
GDYC,26.73
GE0,12.006
GE2,9.308
GE3,9.156
GE4,9.613
GE5,9.257
GEAUA,8.214
GEE849,20.16
GEE851,25.29
GEE852,20.19
GEE853,20.48
GEE854,20.54
GEE855,19.33
GEE856,18.88
GEE857,19.16
GEE858,18.02
GEE859,180.76
GEH107,19.59
GEH554,33.24
GEH608,21.7
GEH613,22.87
GEH754,18.21
GEH755,183.54
GEHC,16.23
GEHCU,14.16
GEHCUH,17.89
GEHFACC,29.71
GEHFU,17.53
GEHFUH,17.8
GEM531,12.26
GEM533,23.67
GEM624,29.45
GEM625,13.56
GEM660,15.74
GEMDC,11.73
GEMDFACC,21.71
GEMS,28.54
GEMS-CI,30.44
GEMSGBP,21.48
GEMSU,25.65
GEMSU-CI,27.16
GEN466,15.18
GEN497,12.83
GEN580,13.09
GEN581,11.66
GENC,189.78
GEQEA,1.5462
GEQUA,1.9067
GERIA,6.336
GERMA,6.182
GEU027,17.69
GEU082,22.82
GEU106,17.91
GEU261,21.94
GEU262,21.7
GEU263,21.95
GEU469,22.69
GEU524,40.95
GEU677,25.42
GEU789,22.18
GEUC,66.19
GFF020,24.06
GFF021,23.68
GFF022,23.89
GFF023,24.47
GFF902,41.78
GFF904,46.21
GFF905,42.64
GFF908,35.25
GFF915,21.97
GFF916,22.27
GFF917,218.83
GFF918,21.81
GFFC,35.11
GGM,8.478
GGO369,27.61
GGO449,22.14
GGO582,18.2
GGOC,54.73
GMA,11.984
GMM,8.727
GPR272,16.82
GPR273,16.64
GPR274,16.76
GPR275,17.05
GPR500,21.14
GPR571,21.69
GPRA,113.58
GPRAACC,20.88
GPRC,94.76
GQE140,33.02
GQE141,33.13
GQE143,29.68
GQE145,21.23
GQE146,20.7
GQE147,21.02
GQE148,20.48
GQE149,21.14
GQE150,20.55
GQE153,21.04
GQE154,20.94
GQE155,20.5
GSFA,9.9628
GUK820,25
GUKC,75.52
GUS310,19.0308
GUS472,20.1455
GUSA,20.0429
GUSFACC,21.6105
GZM,10.192
HBAF,105.15
HBAFAUD,140.51
HBAFGBP,79.13
HBHKF,818.62
HBHKFGBP,615.92
HBHKFU,735.89
HBPF,174.85
HBPF-CI,189.73
HBPFGBP,131.65
HBPFHAUD,196.9
HBPFU,157.17
HBPFU-CI,165.1
HEMKF,17.124
HEN01,12.46
HEN02,45.16
HEN03,40.49
HEN04,36.46
HEN05,50.96
HEN07,20.21
HEN08,25.06
HEN09,38.52
HEN10,19.6
HEN11,16.05
HEN12,9.51
HEN13,11.67
HEN14,10.52
HEN15,25.32
HEN16,16.62
HEN17,28.75
HEN18,27.15
HYBF,9.63
HYBF-CI,12.77
HYBFC,13
HYBFGH,6.18
HYBFM,9.5
HYBFMHAUD,10.27
HYBFMHCAD,9.85
HYBFMHNZD,13.37
HYBFU,8.63
HYBFU-CI,11.45
HYBFUH,9.21
IAARF,215.622
IAARG,195.2891
IACBF,125.6848
IACBG,116.1592
IADMA,80.1216
IADMD,97.1987
IADMF,99.5912
IAEYA,16.2758
IAEYC,18.2656
IAEYD,24.7654
IAEYF,26.6695
IAEYG,23.5151
IAEYJ,15.1068
IAIEUA,8.304
IALBC,97.5356
IALBF,127.5081
IALBG,118.4713
IAPEUA,7.775
IAPPF,155.7859
IAPPG,140.3058
IASBA,5.6802
IASBC,7.5302
IASBD,12.832
IASBF,14.404
IASBG,12.3567
IASBJ,5.4918
IASCF,238.1375
IASCG,214.1839
IBRID,161.0989
IBRIF,172.9725
IBRIG,155.0004
IE0000507263,12.32
IE0002270589,169.87
IE0002361404,1096.95
IE0002987190,312.9448
IE0002987315,2.8314
IE0002989915,135.0317
IE0003000563,3.0786
IE0003001538,15.17
IE0003002502,14.8431
IE0003008186,147.13
IE0003012535,154.1578
IE0003014135,133.2654
IE0003014572,1561.78
IE0003063223,6.48
IE0003508359,22.53
IE0005616481,21.2421
IE0008506705,958.62
IE0009240692,13.25
IE0031142981,13.87
IE0031618964,114.88
IE0031619046,393.86
IE0031619152,153.86
IE0032129094,43.86
IE0034203152,75.49
IE0034203483,112.17
IE0034203939,117.33
IE0034204671,168.49
IE0034204895,215.43
IE0034205421,1
IE0034390439,218.77
IE00B00P2J79,12.33
IE00B00P2K84,13.22
IE00B05KX503,150.82
IE00B05KX610,154.83
IE00B05KX727,157.61
IE00B05KX834,156.68
IE00B0D43R60,96.63
IE00B0D43V07,96.88
IE00B0D44069,106.59
IE00B0D44390,116.94
IE00B0HF2Z67,2413.7063
IE00B0HF3F37,11.72
IE00B0HF3H50,1.5903
IE00B0T0GP78,19.78
IE00B0T0GS00,16.5
IE00B12VW565,20.68
IE00B12VW904,15.7
IE00B19Z1F40,144.52
IE00B19Z3581,89.4
IE00B19Z3920,101.79
IE00B19Z3V48,141.93
IE00B19Z3Z85,83.51
IE00B19Z4449,81.89
IE00B19Z4555,160.34
IE00B19Z4B17,129.69
IE00B19Z4J92,146.03
IE00B19Z4V13,143.95
IE00B19Z4X37,161.54
IE00B19Z5636,156.49
IE00B19Z5Q35,95.34
IE00B19Z5R42,126.53
IE00B19Z5X02,116.85
IE00B19Z5Y19,106.44
IE00B19Z6F94,129.08
IE00B19Z6G02,203.07
IE00B19Z6R17,105.69
IE00B19Z6Y83,73.35
IE00B19Z6Z90,142.71
IE00B19Z7J08,113.87
IE00B19Z7Y58,145.8
IE00B19Z8W00,189.1
IE00B19Z8X17,193.68
IE00B19Z9059,125.44
IE00B19Z9505,189.04
IE00B19Z9612,272.84
IE00B19Z9P08,154.51
IE00B19Z9Y98,195.41
IE00B19Z9Z06,154.47
IE00B19ZB219,159.87
IE00B19ZB987,234.51
IE00B19ZC514,70.08
IE00B19ZCC84,64.6
IE00B19ZCD91,101.32
IE00B1BXHP82,141.08
IE00B1BXHZ80,160
IE00B1BXJ072,210.49
IE00B1FRPP29,12.4
IE00B1W3Y236,31.2266
IE00B1W3Y897,13.8729
IE00B1W3YJ08,22.6
IE00B23XCZ83,16.09
IE00B23XD337,19.49
IE00B23XD444,15.13
IE00B23XD774,13.46
IE00B23XDB15,17.1
IE00B23XDC22,16.49
IE00B23XDT98,21.5
IE00B23Z6414,151.34
IE00B23Z6745,125.54
IE00B23Z7H10,97.43
IE00B23Z7J34,136.96
IE00B23Z7K49,92.61
IE00B23Z7X77,151.55
IE00B23Z8014,119.06
IE00B23Z8121,129.47
IE00B23Z8451,89.46
IE00B23Z8L21,111.66
IE00B23Z8S99,153.3
IE00B23Z9426,116.46
IE00B23Z9G43,91.13
IE00B23Z9K88,130.45
IE00B23Z9N10,101.45
IE00B23Z9R57,217.4
IE00B23ZBZ74,163.45
IE00B2417L25,1
IE00B2417S93,81.23
IE00B2417W30,159.21
IE00B241B875,130.39
IE00B241CP14,114.68
IE00B241FC99,195.13
IE00B241FD07,205.62
IE00B241FP29,194.49
IE00B241FQ36,218.99
IE00B241H013,109.28
IE00B2Q1FD82,143.77
IE00B2Q1FF07,113.14
IE00B2Q1FG14,104.21
IE00B2Q1FT43,151.12
IE00B3F05Z53,14.3
IE00B3FHN298,144.13
IE00B3FHN413,275.29
IE00B3FHN967,146.54
IE00B3M56T43,237.232
IE00B3ML7W26,99.71
IE00B3PY8J28,11.58
IE00B3QFCM59,114.32
IE00B3RW8498,250.83
IE00B3TGKF47,116.16
IE00B3V5M979,113.01
IE00B3ZLVC75,122.17
IE00B4XJJ152,86.53
IE00B4Y6F282,119.66
IE00B4Y6F407,105.55
IE00B4Y6FS49,125.67
IE00B50KJJ61,120.68
IE00B510R804,95.67
IE00B52FBY81,99.82
IE00B53R4L11,108.51
IE00B556SN66,103.34
IE00B5L92821,16.29
IE00B5LW8F04,8.34
IE00B608ZL18,1039.551
IE00B6150V66,14.88
IE00B643SZ75,1174.83
IE00B66ZT477,14.81
IE00B6TGKF51,1320.32
IE00B6VF0729,8.95
IE00B78RNS08,84.38
IE00B7L3WM21,8.33
IE00B7SBJ061,82.21
IE00B7T2MC11,85.42
IE00B7T3S609,89.44
IE00B7TQ7849,8.34
IE00B7VT9G37,8.32
IE00B7XCGB41,16.51
IE00B7Y5Q239,8.58
IE00B819XJ19,13.89
IE00B84LT637,11.27
IE00B8B5Y742,8.58
IE00B8HWN052,8.33
IE00B8HXFR97,11.09
IE00B8HXG989,11.12
IE00B8HXGC10,11.82
IE00B8HXGG57,13.36
IE00B8HXHJ53,12.31
IE00B8HXHK68,12.31
IE00B8HXHL75,12.68
IE00B8HXJT91,11.28
IE00B8HXK635,11.29
IE00B8HXK965,11.62
IE00B8J3FG63,108.2107
IE00B8Q9BF83,14.12
IE00B8QHD782,91.2931
IE00B9276L46,10.89
IE00B9276M52,10.5
IE00B9276N69,10.51
IE00B9276P83,8.2
IE00B9276Q90,8.2
IE00B9276R08,8.86
IE00B9276S15,8.19
IE00B9276T22,8.2
IE00B9276V44,8.48
IE00B931T832,8.165
IE00B95QHL52,8.61
IE00B961PR15,11
IE00B99K7M49,9.84
IE00B99K7Z77,9.84
IE00B9LB7V43,84.89
IE00B9LBKJ32,11.57
IE00B9LCLS21,90.73
IE00B9Z1CL57,9.01
IE00B9Z1CQ03,9.95
IE00BB0QYX57,124.42
IE00BB0QYY64,109.93
IE00BB36BZ36,84.15
IE00BB36C162,94.43
IE00BB36C279,86.48
IE00BBGB0S16,84.78
IE00BBGB0T23,84.71
IE00BBGB0V45,87.9
IE00BBGB0Y75,145.59
IE00BCBHXZ96,104.09
IE00BCDYZB81,116.65
IE00BCDYZD06,116.66
IE00BCDYZG37,150.23
IE00BCDZ0381,10.21
IE00BCDZ0506,10.21
IE00BCDZ0720,10.47
IE00BCZRR312,9.47
IE00BDB5PG57,104.42
IE00BDD1NC38,10.76
IE00BDGTG145,7.811
IE00BH2RDW08,116.46
IE00BH2RDX15,115.81
IE00BH2RDY22,119.42
IE00BLDYHX78,8.31
IE00BLDYHZ92,83.82
IE00BNJZT213,9.84
IE00BNJZT320,8.27
IE00BNJZT544,107.05
IE00BNJZWJ94,9.48
IE00BNK02L52,9.61
IE00BNK02M69,107.23
IE00BNK02N76,10.01
IE00BNK02P90,12.02
IE00BNK02Q08,11.66
IE00BNK02R15,130.47
IE00BNK02S22,10.31
IE00BNK02T39,9.95
IE00BNK02V50,109.82
IE00BQ1TBK46,101.96
IE00BQ1TBM69,102.2
IE00BQ1TBP90,102.18
IE00BQ1TBR15,102.2
IE00BQJZWZ67,92.7
IE00BQJZX200,100.13
IE00BQJZX317,107.54
IE00BQJZX424,100.11
IE00BQJZX531,98.77
IE00BQJZX861,88.84
IE00BTLWS702,9.92
IE00BTLWS819,8.9
IE00BTLWS926,9.92
IE00BTLWSB42,8.9
IE00BTLWSC58,9.92
IE00BTLWSD65,8.91
IE00BTLWSF89,10.02
IE00BTLWSG96,9
IE00BTLWSH04,9.02
IE00BTLWSJ28,9.03
IE00BTLWSK33,9.84
IE00BTLWSL40,9.03
IE00BTLWSM56,9.27
IE00BTLWSN63,104.47
IE00BTLWSP87,90.32
IE00BTLWSQ94,104.46
IE00BTLWSR02,90.33
IE00BTLWSS19,90.32
IE00BTLWST26,104.48
IE00BTLWSV48,105.6
IE00BTLWSW54,91.3
IEBOC,12.5796
IEBOF,22.5957
IEBOG,19.8625
IEDVA,48.6407
IEDVF,103.4947
IEEAF,58.1249
IEEAG,50.7526
IEECF,253.0431
IEECG,199.4173
IEEGC,11.5146
IEEGF,19.0045
IEEGG,15.0505
IEEGJ,10.5442
IEEQA,25.9395
IEEQD,30.3682
IEEQF,35.3449
IEEQG,28.325
IEHIA,16.6426
IEHIC,18.4738
IEHID,21.1419
IEHIF,22.7171
IEHIG,19.8904
IEHIJ,15.7142
IEMEF,23.9783
IEMEG,20.4264
IEMKA,10.1058
IEMKD,11.3739
IEMKF,12.8299
IEMKG,10.631
IESCD,33.7465
IESCF,38.5531
IESCG,31.6874
IESTF,7.6838
IESTG,6.8024
IEUBC,7.6466
IEUBF,12.8522
IEUBG,11.161
IEULD,120.7659
IEULF,126.6123
IGAVA,128.6457
IGAVD,169.2086
IGAVF,178.5567
IGAVG,157.3771
IGCBC,132.7046
IGCBD,129.9589
IGCBF,136.521
IGCBG,126.2038
IGCCF,11.7079
IGCCG,10.6138
IGENG,15.3111
IGEYA,97.73
IGEYC,103.7686
IGEYD,143.7873
IGEYF,154.8775
IGEYG,137.4848
IGEYJ,95.1322
IGHYA,18.9541
IGHYD,39.4138
IGHYF,42.003
IGHYG,37.4677
IGHYJ,24.4207
IGLBA,7.8589
IGLBC,6.8652
IGLBD,12.2459
IGLBF,13.4896
IGLBG,11.4043
IGMIA,91.6446
IGMIC,94.0067
IGMID,112.9519
IGMIF,115.8401
IGPSC,140.9624
IGPSF,163.0227
IGPSG,145.0794
IGQGD,132.3508
IGQGF,137.0364
IGQGG,124.5546
IGRRC,29.7783
IGRRF,33.0992
IGRRG,29.8041
IGRRJ,27.1004
IGSCF,184.041
IGSCG,165.9925
IHGBA,5.71
IHGBC,6.4675
IHGBD,10.7302
IHGBF,11.7399
IHGBG,10.0998
IHGBJ,7.87
IINDD,156.3367
IINDF,166.6548
IINDG,149.948
IINOD,153.6405
IINOF,157.2913
IITEF,31.9678
IITEG,24.245
IJAED,840.4726
IJAEF,976.3568
IJAEG,752.8443
IJLCF,1397.9906
IJLCG,1244.2346
IJSCF,115.8519
IJSCG,95.2823
IKOEF,44.1297
IKOEG,38.895
ILAMF,33.7361
ILAMG,28.5539
IMIDF,11.2817
IMIDG,10.2368
IOABAA,9.798
IOABUA,18.58
IOABUM,11.204
IOAEUA,14.173
IOALAA,9.008
IOALBA,13.464
IOALBM,10.328
IOEIEA,14.035
IOEIEM,12.039
IOGTUA,17.973
IOIEUA,15.478
IOINUA,11.069
IOJEUA,9.981
IOLAUA,3.961
IOPEUA,13.449
IPEQA,11.3537
IPEQD,13.2467
IPEQF,16.024
IPEQG,12.4924
ISSMG,33.1092
ISTBA,92.0717
ISTBC,108.4861
ISTBD,138.7852
ISTBF,147.0522
ISTBG,131.7054
ISWEF,42.9055
ISWEG,34.1072
IUCBA1,9.604
IUCBAA,10.044
IUCBUA,12.781
IUCBUM,10.959
IUDBC,12.7022
IUDBF,23.5985
IUDBG,20.5212
IUKEF,5.2044
IUKEG,3.9337
IUMCF,275.6629
IUMCG,243.4943
IUSBAA,9.658
IUSBUA,13.911
IUSBUM,9.952
IUSCF,136.0094
IUSCG,111.9886
IUSED,116.7267
IUSEF,135.6351
IUSEG,106.0294
IUSLD,105.0329
IUSLF,108.2122
IWVEUA,16.089
JAACA1E,15.5
JAACEUR,11.94
JABAA1E,24
JABICAH,10.43
JAFAAUI,9.45
JAFIA2E,22.96
JAFIB1E,11.36
JAFIIIE,24.22
JAFVAUI,9.6
JAGLA1E,26.39
JAGTA1E,7.16
JAGTEUR,19.23
JAGTVEA,10.13
JAGTVUA,10.21
JAHYA2E,27.08
JAHYB1E,8.86
JAHYIIE,23.43
JANACA1,15.39
JANACB1,12.94
JANACII,17.87
JANBAA1,22.71
JANBAB1,19.11
JANBAII,26.2
JANCRA1,21.23
JANCRA2,18.83
JANCRB1,18.3
JANCRI1,25.15
JANFIA1,11.69
JANFIA2,20.73
JANFIAU,11.36
JANFIB1,12.48
JANFIB2,17.58
JANFIII,12.53
JANFIVU,9.17
JANGLA1,26.36
JANGLB1,22.31
JANGLII,30.35
JANGRAD,14.35
JANGRAE,12.66
JANGRID,16.13
JANGRIE,13.62
JANGTA1,7.1
JANGTB1,6.05
JANGTII,8.21
JANHYA1,8.18
JANHYA2,24.65
JANHYAA,9.71
JANHYB1,8.75
JANHYB2,20.94
JANHYII,8.76
JANHYIU,15.79
JANIEUR,25.08
JANIRAC,14.45
JANRA2E,14.1
JANREA1,12.96
JANREA2,16.56
JANREB1,13.46
JANREB2,14.59
JANREI1,13.72
JANREUR,14.86
JANRMAD,28.83
JANRMAE,25.75
JANRMBD,25.3
JANRMID,30.89
JANRMIE,16.46
JANSTA1,11.2
JANSTA2,16.69
JANSTB1,11.13
JANSTB2,14.6
JANSTII,11.23
JANSVAA,18.45
JANSVAI,21.06
JANSVBI,17.9
JANSVII,23.83
JANTWA1,21.1
JANTWB1,17.72
JANTWII,24.08
JANVTA1,20.36
JANVTB1,17.3
JANVTII,23.28
JARAEUR,15.24
JASTA2E,18.47
JASTBAC,12.58
JATWA1E,21.39
JATWIIE,25.5
JAUSBEU,15.3
JAUSEUR,17.37
JAUSTVE,9.23
JAUSTVU,9.3
JAVTA1E,21.43
JBACADI,9.64
JBALAAA,11.38
JBALAAI,9.72
JBALAEI,9.4
JBALAUI,9.57
JBVAUDI,9.82
JBVUSDI,9.73
JD9,875
JDA,11.373
JDF,10.407
JE3,7.065
JE4,7.061
JE5,7.075
JE6,7.131
JGFJ,112
JGHS,1.104
JGHU,1.069
JGLSVEA,9.21
JGLSVUA,9.28
JHYDVAI,8.95
JHYDVUI,8.62
KAARF,194.375
KACBF,124.4854
KACBG,115.0481
KALBF,98.0303
KASBF,113.114
KASBG,104.1757
KASBJ,69.679
KEMDC,27.7166
KEMDF,31.451
KEMDG,27.4627
KEMDJ,13.1122
KGAVF,99.8967
KGCBF,133.2037
KGCBG,123.039
KGEED,12.0272
KGHYF,39.1995
KGHYG,161.7895
KGLBF,12.211
KGMIA,90.2059
KGMIC,92.4927
KGMID,111.3378
KGMIF,114.0791
KGPSF,148.9214
KGPSG,132.9757
KHGBF,163.3935
KHGBG,147.566
KJAED,81.5023
KJAEG,75.8695
KJFS,0.825
KJFU,0.613
KJLCA,12.3557
KJLCC,12.5832
KOREA,21.07
KSTBF,139.2722
KSTBG,124.6686
KSTBJ,103.8296
KUDBC,139.0641
KUDBF,153.6223
KUMCF,173.4946
KUSEF,161.6428
LAM,30.08
LAMU,27.02
LEDVA,81.4111
LEEGA,18.5735
LEEGM,20.684
LEEGN,18.7867
LEEQD,39.2175
LEEQF,40.0722
LEHID,150.6298
LESCD,44.4588
LGLBD,167.8614
LGLBF,169.5551
LGRRC,30.619
LGRRF,34.0694
LGRRG,31.6514
LGVF2,0.465
LGVU2,0.345
LJAED,115.3683
LJAEF,117.6939
LJAEG,103.7253
LJLCA,12.3449
LJLCC,12.5722
LJLCM,12.1636
LU0012157102,544.22
LU0012181318,118.65
LU0012181748,3960
LU0012182126,118.65
LU0012182399,454.35
LU0012182712,24072
LU0012186622,205.211245
LU0035744829,403.05
LU0037722500,80.99
LU0040507039,681.35
LU0045841987,879.55
LU0045842449,370.63
LU0048573561,9.168
LU0048573645,28.93
LU0048574536,52.25
LU0048575426,21.93
LU0048578792,13.2
LU0048579097,13.9
LU0048579410,47.08
LU0048580004,42.37
LU0048580855,168.1
LU0048581077,61.29
LU0048582984,1.181
LU0048584097,46.36
LU0048584766,31.15
LU0048585144,154.1
LU0048587603,1710
LU0048587868,39.08
LU0048588080,910.6
LU0048588163,48.25
LU0048597586,6.629
LU0048621477,44.52
LU0048621717,2.597
LU0048622798,7.351
LU0049112450,28.77
LU0050427557,28.71
LU0052588471,16.88
LU0052780409,1028
LU0054237671,37.26
LU0054754816,48.86
LU0055114457,25.92
LU0061175625,40.28
LU0061324488,17.39
LU0064963852,11.7155
LU0064964074,9.2526
LU0066794719,675.32
LU0068578508,6097.1
LU0069449576,17.57
LU0069450319,9.085
LU0069450822,8.23
LU0069451390,41.61
LU0069452877,5.951
LU0069970746,8234
LU0075933175,311.82
LU0075933415,484.36
LU0075937911,116.85
LU0075938133,225.46
LU0077335932,38.38
LU0080215204,138
LU0083138064,209.821065
LU0084288082,53.12
LU0084288249,81.37
LU0084288322,156.5
LU0084288595,49.78
LU0084288678,46
LU0084617165,128.27
LU0084664241,20.39
LU0086913042,154.01
LU0086913125,175.29
LU0088814487,19.89
LU0089276934,412.24
LU0089277312,102.68
LU0090978643,129.96
LU0090979021,345.03
LU0090980466,262.01
LU0090981274,169.76
LU0090981357,133.15
LU0095613583,347.57
LU0095613823,169.52
LU0099574567,14.01
LU0099575291,11.09
LU0101692753,214.03
LU0101986403,198.15
LU0101987716,3140
LU0102000758,9388
LU0102017729,22.45
LU0102020947,32.96
LU0103015565,73.02
LU0104885248,236.37
LU0107048042,104.65
LU0107058785,7278
LU0107087610,316.67
LU0110060430,9.992
LU0111482476,846.64
LU0111491469,81.37
LU0111493242,93.02
LU0111549308,67.43
LU0111549480,218.58
LU0111550496,24.59
LU0111633276,98.41
LU0111635727,20.43
LU0112497440,514.35
LU0114033284,169.22
LU0114064677,140.17
LU0114064917,62.99
LU0114070138,144.94
LU0114074718,212.41
LU0114720955,37.13
LU0114721508,45.65
LU0114722498,27.1
LU0114722902,42.95
LU0115011255,33.461
LU0119124278,41.47
LU0119124781,45.58
LU0129603360,239.62
LU0130100216,191.67
LU0130102774,202.94
LU0130103400,228.42
LU0130322117,107.79
LU0130322620,73.96
LU0130323198,83.4
LU0130323438,67.53
LU0130493355,113.56
LU0130517989,141.56
LU0130518102,203.87
LU0131719634,243.62
LU0131725367,848.73
LU0132282301,11.8
LU0132667519,1129
LU0132667782,393.76
LU0133807916,213.64
LU0137004601,180.3
LU0137005913,234.7
LU0137006218,182.23
LU0137007026,172.04
LU0138259550,110.41
LU0138981039,17.56
LU0140785683,70.5
LU0145634076,155.33
LU0145634662,152.9
LU0145635123,140.2
LU0145635479,174.89
LU0147748072,20.19
LU0147918097,47.8
LU0147918766,73.12
LU0147918923,44.77
LU0147921554,65.79
LU0147925118,173.96
LU0147943442,182.36
LU0147944259,205.99
LU0154245673,156.7
LU0154245756,184.67
LU0154245913,20.78
LU0155179483,349.5
LU0155224883,104.39
LU0155226151,121.07
LU0155228959,135.64
LU0155505208,56.02
LU0157215616,51.98
LU0157922724,49.03
LU0159197101,161.08
LU0161332480,24636
LU0168050333,11.55
LU0168053600,11.15
LU0168055563,11.78
LU0168057262,10.76
LU0168400413,22.21
LU0168401650,36.84
LU0173614495,49.7
LU0175074516,126.11
LU0176901758,9840.94
LU0179219752,162.02
LU0179219919,154.81
LU0179220255,153.78
LU0179220412,174.53
LU0181362285,964.53
LU0187076913,145.6
LU0187079180,156.69
LU0187079347,147.78
LU0187121727,20.31
LU0188501331,220.03
LU0190162189,378.33
LU0192065992,8.38
LU0197229882,36.98
LU0197230542,40.36
LU0205439572,18.03
LU0212178916,178.21
LU0212179997,193.07
LU0215158840,33.35
LU0215159145,34.44
LU0217138725,110.23
LU0226953718,204.59
LU0230662891,118.98
LU0236146774,187.13
LU0236146857,191.54
LU0236147079,175.37
LU0236150610,203.12
LU0237014641,127.35
LU0237015291,125.17
LU0237015457,118.23
LU0237015887,138.49
LU0237697510,14.49
LU0237698245,13.73
LU0238203821,13.52
LU0238204472,12.7
LU0238205289,21.41
LU0238205446,12.22
LU0238205958,19.24
LU0238206170,11.53
LU0238206337,20.84
LU0244149497,164.61
LU0244149653,106.6
LU0244149901,180.61
LU0248320581,64.74
LU0248320821,170.04
LU0251130638,15.64
LU0251130802,18.41
LU0255249772,135.34
LU0255975913,86.33
LU0255977539,462.95
LU0255978859,198.06
LU0255980673,262.6
LU0256842575,167.43
LU0256845677,122.13
LU0256846568,175.9
LU0261945553,20.42
LU0261946288,13.39
LU0261946361,116.46
LU0261946445,20.17
LU0261947096,17.7
LU0261947682,15.58
LU0261950470,14.53
LU0261950983,19.62
LU0261952922,10.8762
LU0261953490,10.8605
LU0261953904,20.33
LU0265266980,77.56
LU0267386448,13.83
LU0267387255,15.86
LU0269635834,121.9
LU0270905242,158.33
LU0273147164,117.35
LU0273147594,114.62
LU0273147834,133.54
LU0273148212,91.36
LU0273158526,109.69
LU0273158872,122.29
LU0273159177,86.31
LU0273160340,89.86
LU0273164680,94.54
LU0273164847,107.15
LU0273165570,75.04
LU0273170141,157.99
LU0273177237,102.2
LU0273177401,115.45
LU0273177823,81.89
LU0273179522,165.34
LU0273227941,105.93
LU0273228162,111.74
LU0278093082,166.86
LU0280431049,66.18
LU0280434068,122.46
LU0280435461,59.57
LU0286668453,15.7
LU0286668966,18.26
LU0286669428,8.226
LU0298697664,97.7
LU0299357342,75.42
LU0299358662,82.62
LU0299359397,148.7
LU0299359553,292.58
LU0299359710,109.17
LU0299359983,157.62
LU0299361534,70.4
LU0299362425,161.93
LU0299362771,607.99
LU0299363662,385.94
LU0299364041,238.18
LU0299921006,189.66
LU0303816028,14.59
LU0303816705,15.11
LU0303821028,12.13
LU0303823156,12.58
LU0307839646,11.38
LU0318931192,12.81
LU0318939179,17.86
LU0318940003,16.41
LU0318940771,735.2
LU0318941159,9.632
LU0320896664,182.09
LU0329071053,15.66
LU0329430986,187.82
LU0329431018,140.79
LU0329678170,13.39
LU0329678253,19.06
LU0329678337,13.44
LU0329678410,19.02
LU0329760002,100.9
LU0329760267,107.84
LU0329761232,82.59
LU0329761406,117.4
LU0335991534,232.79
LU0340558583,124.73
LU0340559805,112.27
LU0346388373,14.7
LU0346388456,18.38
LU0346388613,26.86
LU0346388704,15.65
LU0346388969,29.59
LU0346389181,15.12
LU0346389348,31.98
LU0346390197,15.83
LU0346390270,19.71
LU0346390510,14.08
LU0346390601,16.03
LU0346390866,14.78
LU0346390940,10.77
LU0346391161,15.74
LU0346391245,12.85
LU0346391674,8.059
LU0346391831,15.87
LU0346392219,12.53
LU0346392482,14.88
LU0346392995,16.23
LU0347595026,93.43
LU0347595455,1006.25
LU0352162357,8.09
LU0353647653,13.76
LU0353647737,14.98
LU0353648032,15.64
LU0353648891,10.26
LU0353649279,11.86
LU0353649436,12
LU0365089902,168.09
LU0370201419,174.68
LU0370787193,30.58
LU0370787359,31.65
LU0370788753,17.47
LU0370788910,10.87
LU0370789058,14.37
LU0370789132,14.36
LU0370789306,1615
LU0370789488,14.01
LU0370789561,1474
LU0370790650,17.29
LU0372506948,150.72
LU0384406244,180.05
LU0385405997,302.91
LU0390710027,10.72
LU0390710613,7.27
LU0390711777,24.14
LU0393653919,1.219
LU0411265829,150.4
LU0411266801,131.74
LU0411267015,73.58
LU0413542167,28.68
LU0434928536,304.83
LU0442405998,124.96
LU0442406459,123.14
LU0442406616,1300.54
LU0459992896,11.17
LU0469618036,55.09
LU0474694147,118.77
LU0477146053,63.76
LU0477146137,108.82
LU0487305319,144.22
LU0497415298,271.89
LU0497415611,156.16
LU0497416007,148.58
LU0497418391,157
LU0497422583,302.58
LU0497424365,174.41
LU0503634734,147.03
LU0503635038,114.65
LU0503635541,163.34
LU0503635624,127.37
LU0507265923,190.83
LU0507266228,199.68
LU0507266491,153.07
LU0507266574,127.57
LU0520928416,131.99
LU0520928507,104.77
LU0520928846,139.14
LU0520928929,102.33
LU0532245122,10.36
LU0544572604,154.59
LU0552611484,146.49
LU0563307635,65.27
LU0563307809,130.45
LU0570470202,412.51
LU0570470624,420.08
LU0570474295,12.59
LU0570474881,12.89
LU0571063014,91.27
LU0571066462,122.75
LU0571068591,50.14
LU0571081347,128.01
LU0571082402,115.05
LU0592898299,166.65
LU0594300096,16.05
LU0594300179,13.07
LU0594300252,16.09
LU0594300419,13.06
LU0594300500,13.59
LU0594300682,11.16
LU0594300849,10.07
LU0594301060,10.56
LU0594301144,11.52
LU0605512788,9.115
LU0605514487,11.76
LU0605514560,12.06
LU0605515021,10.52
LU0605515377,17.01
LU0605515880,17.47
LU0605515963,16.24
LU0605520377,12.44
LU0616839501,135.13
LU0616840772,137.56
LU0616840939,101.26
LU0621411155,13.33
LU0650147696,298.7
LU0699433149,155.11
LU0699433222,143.7
LU0702159343,17.82
LU0702159426,21.44
LU0702159699,17.92
LU0702159772,21.54
LU0702159939,18.55
LU0719521006,93.24
LU0731782826,16.25
LU0731783048,13.73
LU0740838031,125.33
LU0752743277,109.17
LU0754671849,90.86
LU0766124985,10.0641
LU0766125016,1.0002
LU0772969993,15.08
LU0813334322,104.47
LU0823379119,95.04
LU0823379549,95.43
LU0823379622,162.88
LU0823379978,199.05
LU0823386080,56.06
LU0823386163,129.35
LU0823386593,144.47
LU0823387724,102.26
LU0823387997,37.34
LU0823388292,68.17
LU0823388615,94.98
LU0823388888,29.33
LU0823388961,103.48
LU0823389423,69.01
LU0823389696,24.01
LU0823389779,22.84
LU0823389852,201.55
LU0823391163,115.63
LU0823397103,114.82
LU0823397368,525.9
LU0823397798,587.39
LU0823399810,184.59
LU0823400337,208.57
LU0823403190,102.06
LU0823403356,91.66
LU0823403786,599.3
LU0823406615,86.14
LU0823406706,96.7
LU0823407001,44.7
LU0823410997,178.48
LU0823411292,204.73
LU0823411888,165.14
LU0823412183,171.26
LU0823413587,516.3
LU0823413744,585.64
LU0823414478,78.45
LU0823414635,555.93
LU0823414718,346.12
LU0823414809,687.47
LU0823415954,336.63
LU0823416093,181.32
LU0823416689,199.08
LU0823417067,972.77
LU0823417653,466.81
LU0823417737,316.05
LU0823417810,418.6
LU0823417901,282.1
LU0823418115,464.08
LU0823419279,98.41
LU0823419782,48.11
LU0823421333,628.01
LU0823421689,562.03
LU0823424519,131.51
LU0823424782,167.94
LU0823424865,87.81
LU0823427454,92.91
LU0823427611,228.61
LU0823427967,105.63
LU0823428932,120.82
LU0823429237,221.05
LU0823430243,196.66
LU0823431563,68.66
LU0823431720,92.02
LU0823432025,71.12
LU0823432371,101.77
LU0823432611,94.94
LU0823434583,235.7
LU0823434740,101.08
LU0823435044,235.58
LU0853555463,11.61
LU0857700040,12.17
LU0877626530,9.521
LU0879078136,742.64
LU0882574055,14.62
LU0882574139,12.76
LU0882574212,9.992
LU0911036480,110.95
LU0911038429,96
LU0936577138,13.18
LU0936577724,11.63
LU0937948932,9.082
LU0937949070,9.49
LU0937949237,9.393
LU0937949310,9.748
LU0950366780,83.33
LU0950369024,84.64
LU0950369370,84.91
LU0950372671,131.06
LU0950373646,88.32
LU0950375773,95.66
LU0950376581,105.21
LU0963029086,14.36
LU0963542070,11.15
LU0963542310,10.17
LU0971096721,10
LU0990119041,165.21
LU0992293067,10.19
LU0992628692,101.7
LU0997586432,10.41
LU0997586515,12.21
LU0997586606,11.01
LU0997586788,11.21
LU0997586861,10.85
LU0997586945,9.317
LU0997587083,9.195
LU0997587166,10.69
LU0997587240,10.46
LU0998210602,1636.31
LU1005136848,11.15
LU1022393182,87.82
LU1022397928,85.28
LU1046234412,8.0641
LU1046420391,10.01
LU1046420474,9.901
LU1046420557,10.65
LU1046420631,9.777
LU1046420714,9.962
LU1046420805,10.07
LU1046421449,10.75
LU1046421522,11.3
LU1046421795,12.37
LU1046421878,10.6
LU1061952005,85.89
LU1061952187,98.14
LU1084165304,9.947
LU1084165486,10.09
LU1095741804,98.17
LU1095741986,117.79
LU1095742018,115.18
LU1104111114,91.82
LU1112798613,186.1
LU1112798969,172.69
LU1147738592,281.3
LU1158068749,102.56
LU1158069044,98.37
LU1158069127,99.23
LU1158069390,100.37
LU1158069473,97.45
LU1207409209,10.41
LU1209508602,80.99
LU1209508867,80.07
LU1235294300,9.906
LU1235294482,9.592
LU1235294565,9.786
LU1235294995,10.18
LU1235295612,8.398
LU1235295703,9.339
LU1240313202,88.84
LU1240313467,101.05
LU1240313624,100.87
LU1240313897,103.96
LU1277592439,8.853
LU1283677133,9.1669
LU1366332952,10.25
LU1366333091,10.26
LU1374299854,101.2
LU1374299938,1018.09
LU1374300298,100.68
LU1374300371,998.84
LUKED,7.5925
MAMFEA,15.9933
MAMFUA,13.9676
MAPEAE1,19.15
MAPEIU1,203.62
MEAH1US,12.32
MEMBUSD,9.83
MEMCUSD,9.83
MEMDAE1,21.67
MEMDIU1,217.17
MEMEEUR,12.19
MEMEIUR,135.27
MEMEUSD,10.59
MEMIUSD,117.37
MESCAU1,26.7
MESCBU1,24.59
MESCEA,28.0627
MESCIE1,323.01
MEUFEA,13.7654
MEVAH1U,13.39
MEVIH1U,13.9
MFEEIE1,189.21
MFEEIED,156.76
MFEIHIU,107.89
MFEVAU1,20.39
MFEVBU1,18.78
MFEVIE1,246.72
MFGAH3E,9.98
MFGBAE1,18.5
MFGBIU1,193.35
MFGEIE1,234.44
MFGEIU1,219.11
MFHYA1E,16.7
MFHYA2E,12.68
MFLMBU2,8.74
MFLMIU1,129.89
MFMADAA,23.67
MFMADBA,20.94
MFMADCR,20.77
MFMEEAA,19.4
MFMEEBA,17.12
MFMGA3U,24.2
MFMGBA1,24.41
MFMGBAA,29.85
MFMGBB1,24.12
MFMGBBA,26.4
MFMGBC1,23.9
MFMGBCR,26.21
MFMGEAA,45.69
MFMGEBA,39.84
MFMGECR,39.54
MFMLMAA,14.17
MFMLMAI,8.8
MFMLMBA,12.18
MFMLMC1,8.74
MFMLMCR,12.06
MFMRBAI,10.54
MFMRBAR,17.34
MFMUGAA,17.68
MFMUGB1,10.8
MFMUGC1,10.81
MFMUGCR,15.02
MFRBIU1,162.19
MFRIAE1,16.86
MFRIIU1,179.31
MFSEDA1,35.69
MFSEDA2,17.6
MFSEDB1,31.3
MFSEDB2,17.59
MFSEDC1,30.86
MFSEDC2,17.6
MFSEEA1,29.98
MFSERAH,11.33
MFSERIH,118.38
MFSESA1,50.03
MFSEVA1,36.03
MFSGAH3,9.72
MFSGEA1,26.09
MFSGHA3,5.67
MFSGLC1,21.32
MFSGLC2,5.76
MFSGLGA,25.46
MFSGLGB,5.7
MFSGLGC,21.77
MFSGLGD,5.74
MFSIAA1,14.64
MFSIAA2,11.33
MFSIAB1,12.97
MFSIAB2,11.16
MFSIAC1,12.95
MFSIAC2,11.15
MFSMAH3,10.27
MFSMDA3,17.47
MFSSGA1,15.92
MFSSGB1,14.24
MFSSGC1,13.99
MFSVAB1,20.59
MFSVAC1,20.31
MFSVAH1,15.6
MFSVAL1,22.95
MGBEA,1.8174
MGBFEA,27.1575
MGBFUA,10.7134
MGBUA,2.2662
MGF01,1.335
MGF02,1.6737
MGF03,0.9282
MGF04,0.6924
MGF05,1.0437
MGF06,0.8213
MGF07,4.5557
MGF08,29.5355
MGF09,9.5442
MGF10,3.1943
MGF11,2.8871
MGF12,3.0699
MGF13,0.8029
MGF14,1.3739
MGF15,0.8114
MGF16,0.4423
MGF17,0.697
MGF18,1.2132
MGF19,0.8573
MGF20,1.7369
MGF21,8.4165
MGF22,0.9846
MGF23,0.991
MGF24,0.8644
MGF25,1.8906
MGLFEA,16.9831
MGLFUA,9.8791
MIABIU1,146.57
MJAPEA,13.3352
MJSCEA,23.4431
MND,13.6526
MPEFEA,16.8145
MRFXEA,21.7089
MSIMA08USD,44.43
MSIMA81USD,73.91
MSIMAEA07,41.25
MSIMAFA11,58.55
MSIMAPA41,18.31
MSIMCBAH47,34.5
MSIMCBUA47,40.71
MSIMEMD32R,21.25
MSIMEMD87R,15.24
MSIMEMDA32,81.73
MSIMEMDA87,29.25
MSIMEMNA81,66.27
MSIMEUVA08,39.84
MSIMGBA82,104.63
MSIMGOA29,45.43
MSIMGOAH29,43.97
MSIMGPA84,28.47
MSIMIEA85,36.59
MSIMLAEA20,44.42
MSIMUSGA13,66.37
MSIMUSPA34,76.09
MUHYIU1,177.59
MUSGIU1,156.04
MUSSIU1,205.69
MUSVIU1,208.49
NA1,8.756
NA2,8.697
NA3,8.738
NA4,8.691
NEURO,44.41
NEUROU,39.92
NNADHPUSD,1900.34
NNADHXDAUDH,249.3
NNADHXDUSD,99.9
NNADHXDZAR,3130.43
NNADHXUSD,1765.06
NNADHYDUSD,239.75
NNADHYDUSDH,297.02
NNADHYDZARH,3089.08
NNADHYUSD,297.58
NNAHDPUSD,905.97
NNAHDXDAUDH,225.74
NNAHDXDUSD,213.65
NNAHDXUSD,843.66
NNAHDYDUSD,231.65
NNBIPUSD,553.8
NNBIXEUR,874.01
NNBIXUSD,513.48
NNEEEPEUR,47.09
NNEEEXEUR,43.75
NNEEEXUSD,59.44
NNEEPEUR,52.58
NNEEXEUR,48.5
NNEHDPEUR,426.4
NNEHDXDAUDH,230.11
NNEHDXDEUR,233.6
NNEHDXDUSDH,221.06
NNEHDXEUR,395.08
NNEHDYDAUDH,215.01
NNEHDYDEUR,217.08
NNEHDYDUSDH,217.44
NNEMDHPUSD,332.77
NNEMDHXDAUDH,236.96
NNEMDHXDUSD,101.79
NNEMDHXDYUSD,1082.89
NNEMDHXDZARH,2940.54
NNEMDHXEURH,4748.64
NNEMDHXUSD,320.82
NNEMDHYDAUD,219.73
NNEMDHYDUSD,231.16
NNEMDHYDZAR,2885.67
NNEMDHYEURH,290.89
NNEMDHYUSD,296.33
NNEPUSD,1065.16
NNEXEUR,735.15
NNEXUSD,987.1
NNEYUSD,193.36
NNFBPUSD,2196.64
NNFBXEUR,2092.22
NNFBXUSD,2035.8
NNFBYUSD,332.93
NNFCMAXDAUDH,240.54
NNFCMAXDUSDH,240.46
NNFCMAXEUR,279.6
NNFCMAXUSDH,247.71
NNFCMAYDAUDH,238.46
NNFCMAYDUSDH,238.51
NNGEOPEUR,363.88
NNGEOXEUR,347.27
NNGEOXUSD,293.4
NNGHDPEUR,379.92
NNGHDXDAUDH,238.52
NNGHDXDUSD,221.72
NNGHDXEUR,353.83
NNGHDXUSD,387.41
NNGHDYDAUDH,229.06
NNGHDYDUSD,210.93
NNGHYPEURH,480.93
NNGHYXDAUDH,216.68
NNGHYXDEURH,900.8
NNGHYXDUSD,84.92
NNGHYXDUSDH,220.14
NNGHYXEURH,455.68
NNGHYXUSD,333.09
NNGHYYDAUDH,204.58
NNGHYYDEURH,212.55
NNGHYYDUSD,197.49
NNGHYYDUSDH,215.94
NNGHYYEURH,280.88
NNGHYYUSD,270.46
NNITPUSD,1047.73
NNITXEUR,2992.13
NNITXUSD,969.14
NNJEPJPY,3637
NNJEXJPY,3343
NNJEXUSD,103.34
NNJEXUSDH,176.36
NNJEYUSDH,174.28
NNLAEPUSD,1565.64
NNLAEXUSD,1459.02
NNLAEYUSD,142.41
NNMXEUR,1124.57
NNMXUSD,762.41
NNMYUSD,196.85
NNUSCPUSD,1310.97
NNUSCXDAUDH,266.28
NNUSCXDUSD,116.63
NNUSCXUSD,1262.32
NNUSCYDAUDH,305.79
NNUSCYDUSD,255.76
NNUSCYUSD,299.69
NNUSHDPUSD,420.01
NNUSHDXDAUDH,234.93
NNUSHDXDUSD,236.29
NNUSHDXDZARH,2934.02
NNUSHDXEURH,357.14
NNUSHDXUSD,397.56
NNUSHDYDAUDH,227.92
NNUSHDYDUSD,229.34
NNUSHDYDZARH,2846.69
NNUSHDYUSD,263.13
OAPF,1.798
OAPU,1.337
OSBF,2.065
OSBU,1.536
OSES,1.35
OSEU,1.004
PE1,9.6563
PEQEA,1.3312
PEQUA,1.6365
PIMAME,8.61
PIMAMEB,7.29
PIMAMEI,9.87
PIMAMET,48.5
PIMAMEU,7.73
PIMAMEU2,49.42
PIMAMEUI,8.87
PIMARH,9.22
PIMARHI,10.55
PIMARHU,8.28
PIMARHUI,9.48
PIMCEAEUR,10.73
PIMCEAUSD,11.95
PIMCEBUSD,10.18
PIMCEE,10.16
PIMCEEB,8.93
PIMCEEI,11.9
PIMCEET,50.37
PIMCEEU,9.13
PIMCEEU2,45.64
PIMCEEUB,8.02
PIMCEEUI,10.69
PIMCEEUT,45.25
PIMCEEUU2,41
PIMCEIEUR,12.41
PIMCEIUSD,13.82
PIMCETUSD,34.95
PIMCEU2USD,33.82
PIMCO-BD4,12.75
PIMCO-BD6,11.5
PIMCO-BDA,10.42
PIMCO-BDI,15.85
PIMCO-BDM,10.9
PIMCO-BDP,9.71
PIMCO-BE4,11.15
PIMCO-BEA,9.44
PIMCO-BEI,41.43
PIMCO-BEM,10.02
PIMCO-BEP,9.43
PIMCO-BF3,21.56
PIMCO-BG4,13.17
PIMCO-BGG,10.29
PIMCO-BGI,28.78
PIMCO-BH4,10.26
PIMCO-BHI,28.33
PIMCO-BHM,10.4
PIMCO-BII,18.57
PIMCO-BIM,10.29
PIMCO-BIN,13.59
PIMCO-BIP,10.18
PIMCO-BL3,12.29
PIMCO-BLI,11.41
PIMCO-BR4,13.64
PIMCO-BRI,18.89
PIMCO-BSR,22
PIMCO-BT4,12.8
PIMCO-BTI,27.72
PIMCO-BW4,9.83
PIMCO-BXN,15.02
PIMCO-BY4,10.48
PIMCO-BYG,9.45
PIMCO-BYI,20.23
PIMCO-BYM,10.34
PIMCO-BYP,9.18
PIMEEE,16.13
PIMEEEB,13.76
PIMEEEI,18.77
PIMEEET,51.14
PIMEEEU,14.49
PIMEEEU2,51.05
PIMEEEUB,12.36
PIMEEEUI,16.86
PIMEEEUT,45.94
PIMEEEUU2,45.86
PIMELE,6.95
PIMELEB,5.81
PIMELEI,8.21
PIMELET,46.02
PIMELEU,6.24
PIMELEU2,48.65
PIMELEUI,7.38
PIMEMBA2,16.96
PIMEMBAIASD,47.19
PIMEMBAIBSD,46.17
PIMEMBAITSD,49.59
PIMEMBAIUSD,51.68
PIMEMBAXD,61.39
PIMEMBB2,14.05
PIMEMBBXD,58.02
PIMEMBI2,19.89
PIMEMBLCAEUR,65.44
PIMEMBLCAUSD,72.84
PIMEMBLCAXD,43.81
PIMEMBLCBXD,41.67
PIMEMBLCIEUR,1393.84
PIMEMBLCTXD,52.13
PIMEMBLCUXD,49.63
PIMEMBT2,52.03
PIMEMBTXD,48.54
PIMEMBU2,58.21
PIMEMBUA2,15.24
PIMEMBUB2,12.62
PIMEMBUI2,17.87
PIMEMBUT2,46.74
PIMEMBUU2,52.29
PIMEMBUXD,48.33
PIMEMBZIASD,938.21
PIMEMBZIBSD,923.18
PIMEMBZITSD,974.24
PIMEMBZIUSD,1031.37
PIMEME,7.35
PIMEMEB,6.25
PIMEMEI,8.5
PIMEMET,46.6
PIMEMEU,6.6
PIMEMEU2,46.96
PIMEMEUB,5.62
PIMEMEUI,7.64
PIMEMEUT,41.86
PIMEMEUU2,42.18
PIMEPL,157.18
PIMEPLB,88.18
PIMEPLH,52.3
PIMEPLI,1486.6
PIMEPLT,45
PIMEPLTH,40.43
PIMEPLU,141.2
PIMEPLU2,45.74
PIMEPLU2H,41.01
PIMEPLUB,79.21
PIMEPLUI,1335.43
PIMEPLUT,40.43
PIMEPLUU2,41.09
PIMERH,6.01
PIMERHB,4.92
PIMERHI,6.99
PIMERHT,49.8
PIMERHU,5.4
PIMERHU2,45.5
PIMERHUB,4.42
PIMERHUI,6.28
PIMERHUT,44.74
PIMERHUU2,40.88
PIMGEC,252.26
PIMGECB,54.58
PIMGECI,1337.54
PIMGECT,48.96
PIMGECU,226.6
PIMGECU2,43.33
PIMGECUI,1201.53
PIMGHYA2,109.77
PIMGHYAIASD,41.22
PIMGHYAIBSD,40.09
PIMGHYAITSD,44.54
PIMGHYAXD,41.91
PIMGHYB2,94.21
PIMGHYBXD,36.94
PIMGHYI2,1968.06
PIMGHYT2,47.41
PIMGHYTXD,43.74
PIMGHYU2,47.41
PIMGHYUA2,98.61
PIMGHYUI2,1767.93
PIMGHYUXD,43.65
PIMGHYZIASD,818.62
PIMGHYZIBSD,800.1
PIMGHYZITSD,865.45
PIMJPE,2.84
PIMJPEB,2.45
PIMJPEI,3.43
PIMJPET,49.56
PIMJPEU,2.55
PIMJPEU2,45.6
PIMJPEUI,3.08
PIMPE,8.48
PIMPEB,7.19
PIMPEI,9.77
PIMPET,45.46
PIMPEU,7.62
PIMPEU2,42.99
PIMPEUI,8.78
PIMSTIA2,10.93
PIMSTIAIASD,46.7
PIMSTIAIBSD,45.95
PIMSTIAITSD,48.35
PIMSTIAIUSD,50.97
PIMSTIAXD,55.4
PIMSTIB2,9.61
PIMSTIBXD,50.93
PIMSTII2,123.92
PIMSTIT2,49.99
PIMSTITXD,47.46
PIMSTIU2,49.72
PIMSTIUA2,9.82
PIMSTIUAXD,40.62
PIMSTIUI2,111.32
PIMSTIUXD,47.08
PIMSTIZIASD,926.51
PIMSTIZIBSD,916.68
PIMSTIZITSD,946.47
PIMSTIZIUSD,1015.54
PIMTEP,8.1
PIMTEPB,6.92
PIMTEPH,53.78
PIMTEPI,9.73
PIMTEPT,50.88
PIMTEPTH,45.78
PIMTEPU,7.28
PIMTEPU2,45.03
PIMTEPU2H,40.44
PIMTEPUB,6.21
PIMTEPUI,8.74
PIMTEPUT,45.7
PIMTEPUU2,40.45
PIMUABA2,96
PIMUABAXD,66.63
PIMUABB2,78.5
PIMUABBXD,61.37
PIMUABI2,2309.69
PIMUABT2,50.67
PIMUABTXD,48.53
PIMUABU2,50.34
PIMUABUA2,86.24
PIMUABUI2,2074.82
PIMUABUXD,48.16
PIMUSD,6.52
PIMUSDB,5.29
PIMUSDI,1866.33
PIMUSDT2,49.59
PIMUSDU,5.86
PIMUSDU2,49.45
PIMUSM,11.33
PIMUSMB,9.8
PIMUSMI,13.31
PIMUSMT,53.25
PIMUSMU,10.18
PIMUSMU2,52.99
PIMUSMUB,8.8
PIMUSMUI,11.95
PIMUSMUT,47.84
PIMUSMUU2,47.61
PIMUSYA2,11.98
PIMUSYAIASD,44.49
PIMUSYAIBSD,43.23
PIMUSYAITSD,46.08
PIMUSYAIUSD,44.96
PIMUSYAXD,55.62
PIMUSYB2,10.11
PIMUSYBXD,49.22
PIMUSYI2,13.97
PIMUSYT2,48.51
PIMUSYTXD,45.37
PIMUSYU2,48.4
PIMUSYUA2,10.76
PIMUSYUI2,12.55
PIMUSYUXD,45.17
PIMUSYZIASD,883.21
PIMUSYZIBSD,865
PIMUSYZITSD,899.84
PIMUSYZIUSD,896.15
RBS001,11.35
RBS002,10.06
RBS003,15.09
RBS004,10.83
RBS005,12.01
RBS006,12.34
RBS007,10.64
RBS008,10.83
SCLF,2.268
SCLU,1.687
SIFS,1.205
SIFU,0.896
SJPF,0.939
SJPU,0.698
SKANA04,20.1023
SKANA05,1.9204
SKANA108,10.2508
SKANA109,12.3597
SKANA111,8.5788
SKANA119,8.4093
SKANA120,6.7495
SKANA121,10.4714
SKANA13,0.7742
SKANA142,11.4207
SKANA143,10.4204
SKANA15,23.6599
SKANA154,10.2267
SKANA155,11.0207
SKANA16,21.6399
SKANA171,8.6999
SKANA19,1.213
SKANA22,15.8811
SKANA35,21.7213
SKANA39,17.1916
SKANA40,14.9542
SKANA43,19.4579
SKANA50,11.297
SKANA62,9.2074
SKANA73,15.1352
SKANA74,10.463
SKANB04,16.0663
SKANB05,13.8638
SKANB13,13.7807
SKANB15,18.1802
SKANB16,16.6809
SKANB19,17.8236
SKANB24,8.563
SKANB25,10.4296
SKANB27,8.592
SKANB35,17.789
SKANB62,9.8454
SKANB64,6.8771
SKANB66,9.4102
SKANB67,8.2145
SKANB68,10.3217
SKANC04,16.2742
SKANC05,14.1433
SKANC13,13.5126
SKANC15,18.9193
SKANC16,17.287
SKANC19,17.3811
SKANC35,17.7868
SKANC50,10.111
SKANC52,8.1657
SKANC62,10.2793
SKANC64,9.9957
SKANC65,5.7195
SKANC69,8.1103
SKANC73,10.4641
SKANI04,10
SKANI13,10
SKANI15,18.4867
SKANI16,11.6696
SKANI19,12.5748
SKANI20,9.3156
SKANI35,12.2609
SKANI75,8.8689
SKFS,0.992
SKFU,0.737
SMFS,1.941
SMFU,1.443
SSTF,2.271
SSTU,1.689
SVFS,1.43
SVFU,1.063
T05,6.911
T06,6.971
T07,7.181
T140A,10.4079
TADMA,85.8579
TEMDJ,84.1798
TGHYJ,107.7812
TGMIA,86.7761
THGBJ,120.3825
TROWSB005ADUSD,11.82
TROWSB005AUSD,25.57
TROWSB005IUSD,27.3
TROWSE001AUSD,11.43
TROWSE001IUSD,17.39
TROWSE002AUSD,7.32
TROWSE002IUSD,11.25
TROWSE003AUSD,25.96
TROWSE003IUSD,23.68
TROWSE004AUSD,33.71
TROWSE004IUSD,45.44
TROWSE006AUSD,24.77
TROWSE006IUSD,29.35
TROWSE007AUSD,22.21
TROWSE007IUSD,28.18
TROWSE008AUSD,27.44
TROWSE008IUSD,29.48
TW38A,9.9292
TW38AU,9.9916
TW39A,10.4481
TW96A,10.6727
U1A,10.156
UAF,1.675
UAGO,1.861
UAPI,0.735
UC6,11.608
UCP,10.627
UCS,10.772
UCZ,10.415
UGCF,1.92
UGEM,1.37
UGF,2.957
UGGF,1.235
UGHF,3.887
UGIP,0.589
UGRF,0.525
UGTF,1.377
UGZ,8.066
UHGBUA,14.408
UHGBUM,11.571
UHUD,0.889
UHYBAA,8.526
UHYBUA,14.698
UHYBUM,10.084
UHZ,10.246
UIGBAA,10.084
UIGBUA,17.393
UIGBUM,12.556
UIGF,2.022
UJGF,1.481
UNF,1.547
UP1,9.741
UPB,11.316
URES,0.757
URGF,1.414
USD-UAF,1.246
USD-UAGO,1.384
USD-UAPI,0.546
USD-UGCF,1.428
USD-UGEM,1.019
USD-UGF,2.199
USD-UGGF,0.918
USD-UGHF,2.891
USD-UGIP,0.438
USD-UGRF,0.39
USD-UGTF,1.024
USD-UIGF,1.504
USD-UJGF,1.101
USD-UNF,1.15
USD-URES,0.563
USD-URGF,1.051
USY,8.614
UYB,10.752
UYC,22.352
WV1,8.861
WV2,8.819
WV3,8.872
WV4,8.937
WV7,10.114
000EPCGSBIUP,13.57
000TGEDINILN,1.7426
1019,16.04
1019A7,11.75
1019AY,191.66
1019BY,167.31
1019C7,11.85
1019CY,212.76
102,14.57
1020,13.73
2114AF,10.0931
2114C6,13.1123
2114CC,13.2987
ABAIPITNZDH,15.71
ABAIPITUSD,13.93
ABAIPIUSD,8.53
ABAIPS1DEUR,14.13
ABAIPS1DUSD,15.74
ABAIPS1EUR,17.7
ABAIPS1USD,19.71
ABAIPSAUSD,96.6
ABAIPSUSD,17.18
ABAXJAAUDH,18.09
ABAXJADAUDH,12.22
ABAXJADCADH,10.04
ABAXJADEUR,11.66
ABAXJADGBPH,12.42
ABAXJADNZDH,13.09
ABAXJADUSD,12.98
ABAXJADZARH,90.86
ABAXJAEUR,14.95
ABAXJAUSD,16.65
ABAXJBDAUDH,12.3
ABAXJBDUSD,13
ABAXJBDZARH,81.85
ABAXJBUSD,15.6
ABAXJIDEUR,11.63
ABAXJIEUR,15.77
ABAXJIUSD,17.56
ABESVIEUR,20.56
ABESVIUSD,22.9
ABESVS1EUR,20.92
ABGGTBUSD,41.53
AGIF-FVT,8.21
AGIF-FW3,215.8
BLKMUBAA,28.8
BLKWGAAH,11.99
GBG623,31.67
GBG698,18.79
GBG699,19.06
GPR463,21.74
IEDVC,51.5815
IEDVD,97.657
IEMAD,26.7871
IEMAF,29.1587
IEMAG,25.446
IEMDA,9.9228
IEMDC,18.2962
IEMDD,27.0299
IEMDF,30.8997
IEMDG,25.9883
IEMDJ,9.6653
IGEAF,165.8669
IGEAG,147.6517
IGEED,9.4951
IGEEF,10.0686
IGEEY,4.6408
IGEMD,11.8422
IGEMF,12.6002
IGEMG,11.3793
IGENF,17.0758
LU0090980383,97.71
MFMRBBI,10.56
MFMRBBR,15.1
MFMRBCI,10.55
MFMRBCR,14.98
MFMRIAA,25.73
MFMRIBA,22.59
MFMRICR,22.32
MFMUGA1,10.79
MFMUGBA,15.13